id,D,C,I,K,P,_SolventAccessibilityC3,_ChargeC3,_PolarityC2,_NormalizedVDWVC1,_NormalizedVDWVC2,_HydrophobicityC2,_SolventAccessibilityT12,_ChargeT23,_PolarityT13,_NormalizedVDWVT23,_HydrophobicityT13,PAAC4,PAAC5,PAAC10,PAAC15,label
Negative_126,6.299,1.312,1.575,4.462,13.911,0.304,0.163,0.428,0.504,0.315,0.446,0.263,0.258,0.155,0.095,0.15,3.306,0.689,0.827,7.301,0
Negative_5,6.458,2.083,4.792,7.917,3.333,0.237,0.135,0.229,0.315,0.406,0.296,0.29,0.203,0.299,0.207,0.24,3.182,1.026,2.361,1.642,0
Negative_195,2.857,7.755,2.041,5.714,6.531,0.2,0.106,0.298,0.404,0.351,0.343,0.299,0.168,0.225,0.18,0.193,1.402,3.805,1.001,3.205,0
Positive_155,5.263,1.974,6.579,6.579,3.947,0.204,0.138,0.27,0.342,0.382,0.322,0.318,0.205,0.272,0.219,0.225,2.526,0.948,3.158,1.895,1
Positive_49,1.596,1.064,9.043,12.234,0.532,0.213,0.122,0.197,0.223,0.479,0.282,0.358,0.182,0.342,0.262,0.289,0.823,0.549,4.663,0.274,1
Positive_221,4.971,3.633,6.119,6.119,4.971,0.272,0.122,0.312,0.398,0.358,0.369,0.266,0.192,0.243,0.188,0.205,2.6,1.9,3.2,2.6,1
Negative_119,4.204,3.097,1.77,3.319,9.956,0.294,0.088,0.381,0.454,0.354,0.425,0.217,0.135,0.188,0.129,0.153,2.253,1.66,0.949,5.336,0
Negative_73,5.323,0.76,4.183,5.323,9.506,0.259,0.099,0.422,0.483,0.304,0.449,0.305,0.16,0.221,0.153,0.195,2.688,0.384,2.112,4.801,0
Positive_135,6.397,1.347,6.902,6.734,5.387,0.195,0.133,0.382,0.46,0.352,0.424,0.3,0.224,0.211,0.137,0.18,3.335,0.702,3.598,2.808,1
Positive_192,7.121,0.619,6.811,8.359,3.87,0.22,0.147,0.325,0.402,0.376,0.359,0.299,0.198,0.231,0.157,0.214,3.693,0.321,3.532,2.007,1
Positive_35,3.125,0.0,5.469,10.938,10.156,0.32,0.117,0.227,0.258,0.352,0.32,0.181,0.157,0.268,0.276,0.205,1.533,0.0,2.683,4.982,1
Negative_9,6.236,2.309,5.774,7.39,6.467,0.252,0.134,0.303,0.388,0.351,0.36,0.312,0.201,0.245,0.178,0.213,3.135,1.161,2.903,3.251,0
Positive_167,5.381,0.406,4.67,3.553,4.365,0.289,0.091,0.393,0.451,0.359,0.437,0.244,0.162,0.189,0.144,0.161,2.922,0.22,2.536,2.37,1
Negative_187,1.37,2.74,3.196,0.457,4.11,0.26,0.041,0.452,0.493,0.37,0.489,0.124,0.083,0.092,0.083,0.078,0.801,1.602,1.869,2.403,0
Negative_14,4.959,1.157,2.81,2.314,8.264,0.286,0.179,0.392,0.453,0.407,0.426,0.202,0.207,0.166,0.104,0.142,2.806,0.655,1.59,4.676,0
Positive_158,7.194,0.0,3.957,2.158,4.676,0.259,0.129,0.392,0.464,0.309,0.464,0.235,0.206,0.191,0.112,0.144,3.607,0.0,1.984,2.345,1
Negative_176,5.357,12.5,3.571,0.893,6.25,0.312,0.089,0.348,0.527,0.259,0.42,0.18,0.117,0.234,0.126,0.18,2.961,6.908,1.974,3.454,0
Negative_137,2.41,6.024,2.41,9.639,4.819,0.217,0.06,0.289,0.373,0.386,0.325,0.268,0.122,0.244,0.159,0.22,1.369,3.423,1.369,2.738,0
Negative_67,1.807,0.904,0.0,8.434,10.542,0.226,0.178,0.63,0.657,0.229,0.633,0.278,0.254,0.051,0.051,0.048,1.08,0.54,0.0,6.302,0
Negative_19,3.415,1.951,1.707,2.439,8.537,0.276,0.093,0.346,0.4,0.38,0.378,0.232,0.137,0.186,0.169,0.164,1.767,1.01,0.883,4.418,0
Negative_33,3.988,3.374,3.374,3.067,6.135,0.276,0.095,0.294,0.368,0.383,0.344,0.277,0.154,0.277,0.178,0.234,1.965,1.662,1.662,3.022,0
Positive_105,7.741,0.628,5.858,4.812,6.695,0.285,0.138,0.337,0.421,0.32,0.416,0.26,0.224,0.231,0.18,0.178,3.92,0.318,2.966,3.39,1
Negative_146,0.629,3.145,3.774,2.516,6.918,0.289,0.038,0.434,0.472,0.289,0.472,0.12,0.07,0.101,0.108,0.089,0.345,1.727,2.072,3.798,0
Positive_54,6.692,0.76,10.19,8.137,4.03,0.261,0.12,0.259,0.333,0.414,0.329,0.283,0.18,0.291,0.226,0.236,3.458,0.393,5.266,2.083,1
Negative_12,3.955,3.39,3.672,7.345,8.192,0.297,0.116,0.311,0.384,0.353,0.356,0.224,0.147,0.224,0.167,0.181,2.004,1.718,1.86,4.151,0
Positive_198,5.275,0.917,4.817,4.587,6.193,0.291,0.103,0.319,0.381,0.344,0.394,0.297,0.159,0.26,0.189,0.223,2.623,0.456,2.395,3.08,1
Negative_105,6.422,2.752,10.092,3.67,6.422,0.275,0.11,0.339,0.431,0.349,0.394,0.185,0.139,0.148,0.139,0.083,3.489,1.495,5.483,3.489,0
Positive_18,3.704,0.0,6.878,5.291,6.349,0.254,0.111,0.307,0.344,0.333,0.392,0.293,0.186,0.239,0.223,0.191,1.712,0.0,3.179,2.935,1
Positive_127,4.396,7.692,3.297,20.879,4.396,0.176,0.11,0.308,0.429,0.22,0.374,0.333,0.156,0.233,0.156,0.2,2.312,4.046,1.734,2.312,1
Negative_92,4.982,1.845,0.923,2.214,12.546,0.292,0.111,0.41,0.478,0.341,0.448,0.277,0.172,0.211,0.131,0.185,2.527,0.936,0.468,6.364,0
Positive_206,6.878,0.0,6.349,0.529,6.878,0.275,0.132,0.397,0.466,0.317,0.46,0.239,0.223,0.165,0.133,0.128,3.346,0.0,3.089,3.346,1
Negative_190,3.846,5.769,3.846,6.25,6.25,0.3,0.12,0.32,0.416,0.305,0.394,0.239,0.195,0.219,0.166,0.186,1.97,2.955,1.97,3.201,0
Negative_155,1.991,7.965,0.885,4.425,5.752,0.292,0.071,0.378,0.478,0.21,0.469,0.239,0.118,0.162,0.129,0.129,0.967,3.867,0.43,2.793,0
Negative_149,2.115,6.949,3.323,12.387,2.417,0.299,0.109,0.275,0.366,0.29,0.384,0.252,0.145,0.242,0.227,0.173,1.087,3.573,1.708,1.243,0
Positive_89,4.505,2.402,2.703,6.306,3.604,0.261,0.132,0.318,0.387,0.321,0.387,0.22,0.205,0.208,0.187,0.166,2.245,1.197,1.347,1.796,1
Positive_220,4.204,1.327,5.088,6.637,5.31,0.228,0.126,0.325,0.381,0.383,0.381,0.29,0.175,0.215,0.171,0.184,2.098,0.662,2.539,2.65,1
Positive_84,4.18,0.965,8.039,7.074,5.466,0.238,0.119,0.325,0.376,0.392,0.376,0.306,0.19,0.258,0.174,0.219,2.213,0.511,4.257,2.894,1
Positive_168,4.554,0.569,6.262,3.036,4.554,0.298,0.091,0.425,0.476,0.343,0.471,0.241,0.156,0.181,0.118,0.156,2.416,0.302,3.322,2.416,1
Negative_131,5.952,1.19,3.571,4.762,4.762,0.357,0.095,0.405,0.476,0.31,0.44,0.169,0.12,0.157,0.084,0.12,3.102,0.62,1.861,2.482,0
Negative_31,5.882,1.961,2.801,7.563,6.162,0.291,0.126,0.347,0.426,0.333,0.389,0.228,0.183,0.183,0.16,0.163,3.09,1.03,1.471,3.237,0
Positive_99,16.875,3.125,2.5,7.5,3.125,0.212,0.25,0.212,0.412,0.306,0.244,0.308,0.296,0.321,0.17,0.289,8.266,1.531,1.225,1.531,1
Positive_20,6.977,2.907,5.233,7.558,5.233,0.238,0.151,0.203,0.302,0.36,0.291,0.275,0.205,0.292,0.24,0.222,3.349,1.395,2.512,2.512,1
Positive_136,2.887,0.262,7.349,5.512,4.462,0.192,0.131,0.32,0.352,0.407,0.378,0.297,0.171,0.216,0.187,0.187,1.404,0.127,3.574,2.17,1
Positive_141,5.656,0.0,6.787,4.751,4.751,0.251,0.133,0.344,0.4,0.342,0.403,0.283,0.211,0.193,0.193,0.154,2.811,0.0,3.374,2.362,1
Negative_157,1.857,1.326,2.387,3.714,20.159,0.538,0.053,0.615,0.647,0.215,0.655,0.08,0.088,0.085,0.077,0.074,1.262,0.901,1.622,13.695,0
Negative_36,3.846,4.701,2.564,11.966,3.419,0.252,0.111,0.312,0.397,0.346,0.333,0.258,0.155,0.202,0.189,0.189,2.012,2.459,1.341,1.789,0
Negative_98,5.444,2.865,1.146,4.871,9.456,0.272,0.132,0.37,0.453,0.309,0.413,0.25,0.207,0.155,0.144,0.135,2.84,1.494,0.598,4.932,0
Negative_15,6.36,2.297,2.473,3.004,9.717,0.286,0.155,0.428,0.514,0.325,0.466,0.26,0.219,0.173,0.087,0.156,3.506,1.266,1.363,5.357,0
Negative_10,4.316,2.466,2.096,4.809,7.768,0.282,0.126,0.393,0.461,0.346,0.433,0.24,0.181,0.178,0.128,0.147,2.282,1.304,1.108,4.108,0
Positive_213,5.0,1.25,6.25,7.5,2.5,0.212,0.087,0.237,0.3,0.425,0.3,0.316,0.152,0.278,0.228,0.228,2.436,0.609,3.045,1.218,1
Positive_7,4.717,3.774,8.491,10.377,6.604,0.226,0.142,0.255,0.34,0.302,0.33,0.333,0.19,0.314,0.219,0.257,2.146,1.717,3.863,3.005,1
Negative_69,3.65,4.38,0.973,3.893,7.056,0.268,0.131,0.328,0.409,0.377,0.365,0.239,0.183,0.207,0.161,0.18,1.931,2.317,0.515,3.732,0
Positive_125,5.102,2.857,6.531,6.735,5.918,0.251,0.104,0.269,0.349,0.382,0.316,0.256,0.149,0.249,0.2,0.219,2.625,1.47,3.361,3.045,1
Negative_136,1.916,0.0,0.383,3.065,9.962,0.238,0.138,0.433,0.452,0.383,0.452,0.292,0.2,0.158,0.142,0.146,0.97,0.0,0.194,5.045,0
Positive_210,4.529,1.63,3.804,4.801,9.601,0.292,0.138,0.383,0.445,0.343,0.414,0.245,0.179,0.191,0.138,0.174,2.335,0.84,1.961,4.949,1
Negative_43,5.085,2.119,2.119,11.441,6.78,0.284,0.119,0.301,0.373,0.318,0.356,0.26,0.179,0.251,0.209,0.2,2.555,1.065,1.065,3.407,0
Positive_100,8.531,3.791,3.791,6.161,5.687,0.213,0.128,0.303,0.427,0.303,0.346,0.243,0.157,0.2,0.171,0.157,4.094,1.819,1.819,2.729,1
Positive_56,6.25,1.562,3.809,1.953,6.055,0.261,0.123,0.318,0.396,0.357,0.382,0.293,0.201,0.251,0.17,0.212,3.072,0.768,1.872,2.976,1
Negative_54,4.954,4.771,1.835,4.587,6.055,0.284,0.141,0.352,0.45,0.264,0.437,0.221,0.18,0.167,0.165,0.127,2.494,2.402,0.924,3.049,0
Negative_226,2.969,1.484,1.215,4.723,15.115,0.331,0.1,0.456,0.501,0.309,0.489,0.204,0.147,0.131,0.119,0.119,1.611,0.805,0.659,8.203,0
Positive_114,5.278,0.278,3.333,6.111,7.222,0.289,0.094,0.392,0.447,0.306,0.464,0.265,0.145,0.206,0.159,0.156,2.792,0.147,1.763,3.82,1
Positive_48,6.575,1.096,5.753,5.205,10.411,0.318,0.137,0.356,0.433,0.307,0.408,0.228,0.192,0.187,0.154,0.151,3.265,0.544,2.857,5.17,1
Negative_139,2.899,1.449,3.865,6.763,8.213,0.343,0.087,0.42,0.464,0.275,0.478,0.204,0.131,0.136,0.107,0.112,1.487,0.743,1.982,4.212,0
Negative_211,3.279,3.689,5.328,2.459,4.508,0.262,0.094,0.385,0.455,0.361,0.434,0.259,0.16,0.198,0.099,0.156,1.759,1.979,2.858,2.418,0
Negative_17,4.182,0.358,1.314,2.389,8.363,0.258,0.093,0.389,0.435,0.325,0.448,0.266,0.15,0.179,0.152,0.14,2.04,0.175,0.641,4.079,0
Negative_162,3.459,3.459,5.346,0.943,5.346,0.292,0.044,0.321,0.39,0.362,0.403,0.167,0.082,0.167,0.192,0.126,1.913,1.913,2.957,2.957,0
Positive_186,4.036,1.322,6.82,5.776,3.41,0.251,0.104,0.31,0.363,0.386,0.358,0.251,0.143,0.228,0.201,0.194,2.087,0.684,3.527,1.764,1
Positive_75,4.48,0.191,6.864,4.099,4.29,0.242,0.092,0.351,0.398,0.389,0.387,0.246,0.146,0.188,0.162,0.17,2.42,0.103,3.708,2.318,1
Negative_96,2.041,2.915,2.041,0.875,5.248,0.239,0.055,0.347,0.397,0.431,0.391,0.184,0.094,0.167,0.137,0.143,1.114,1.591,1.114,2.864,0
Negative_72,4.491,3.17,3.435,5.02,6.737,0.236,0.129,0.343,0.42,0.341,0.386,0.278,0.172,0.205,0.165,0.175,2.186,1.543,1.672,3.279,0
Positive_5,5.102,2.653,3.469,7.143,4.694,0.259,0.141,0.288,0.365,0.357,0.351,0.245,0.196,0.241,0.172,0.204,2.543,1.322,1.729,2.339,1
Negative_107,2.423,5.816,0.323,5.977,9.208,0.312,0.105,0.404,0.486,0.225,0.483,0.238,0.154,0.17,0.131,0.134,1.225,2.941,0.163,4.657,0
Positive_146,3.448,0.0,5.747,6.897,4.023,0.218,0.109,0.31,0.345,0.437,0.362,0.306,0.197,0.26,0.179,0.22,1.801,0.0,3.002,2.102,1
Positive_209,5.231,1.846,4.615,6.154,7.692,0.249,0.12,0.308,0.378,0.378,0.378,0.29,0.173,0.247,0.148,0.204,2.61,0.921,2.303,3.838,1
Negative_217,0.73,10.949,2.19,0.73,5.109,0.438,0.022,0.438,0.555,0.234,0.54,0.154,0.044,0.162,0.147,0.11,0.431,6.471,1.294,3.02,0
Negative_156,2.446,1.223,4.893,4.893,7.645,0.248,0.107,0.382,0.419,0.404,0.416,0.282,0.172,0.233,0.135,0.202,1.343,0.672,2.687,4.199,0
Negative_197,2.121,2.121,2.424,0.303,8.485,0.261,0.039,0.427,0.47,0.352,0.47,0.17,0.058,0.122,0.112,0.103,1.123,1.123,1.283,4.491,0
Negative_55,5.392,2.941,0.98,3.431,12.745,0.26,0.127,0.461,0.544,0.27,0.471,0.236,0.192,0.143,0.084,0.143,2.641,1.441,0.48,6.243,0
Positive_112,7.822,0.0,4.863,9.302,2.537,0.285,0.121,0.328,0.406,0.328,0.4,0.275,0.182,0.212,0.153,0.169,4.062,0.0,2.525,1.317,1
Negative_138,4.196,2.098,0.35,3.497,6.643,0.266,0.164,0.353,0.416,0.339,0.395,0.249,0.204,0.182,0.147,0.165,2.106,1.053,0.176,3.334,0
Positive_165,6.649,1.33,7.447,4.255,3.457,0.245,0.152,0.25,0.33,0.431,0.314,0.293,0.229,0.283,0.189,0.227,3.347,0.669,3.749,1.74,1
Negative_199,3.139,6.726,4.709,8.52,5.83,0.305,0.119,0.309,0.408,0.291,0.413,0.261,0.164,0.234,0.196,0.169,1.618,3.467,2.428,3.006,0
Positive_177,7.746,0.0,9.155,9.155,2.113,0.162,0.204,0.183,0.261,0.423,0.232,0.355,0.227,0.333,0.22,0.298,3.481,0.0,4.114,0.949,1
Positive_182,4.972,2.394,4.788,7.182,4.788,0.271,0.14,0.32,0.394,0.37,0.374,0.238,0.203,0.199,0.153,0.173,2.574,1.239,2.478,2.478,1
Negative_141,4.059,2.214,1.107,3.321,12.546,0.284,0.1,0.487,0.55,0.24,0.509,0.241,0.141,0.119,0.13,0.107,1.967,1.073,0.537,6.081,0
Negative_20,5.321,0.734,2.936,2.752,7.89,0.295,0.128,0.402,0.462,0.358,0.437,0.228,0.167,0.173,0.149,0.149,2.827,0.39,1.56,4.191,0
Negative_145,3.24,3.888,1.296,6.911,9.935,0.343,0.078,0.382,0.454,0.3,0.462,0.199,0.113,0.201,0.128,0.143,1.867,2.24,0.747,5.725,0
Positive_180,5.479,0.913,8.219,7.306,3.196,0.164,0.123,0.324,0.388,0.443,0.342,0.326,0.188,0.257,0.161,0.239,2.865,0.477,4.298,1.671,1
Positive_138,6.371,0.831,6.648,5.54,2.216,0.244,0.116,0.271,0.343,0.413,0.346,0.289,0.208,0.253,0.233,0.197,3.226,0.421,3.366,1.122,1
Positive_12,6.459,0.912,5.547,4.939,4.787,0.208,0.148,0.306,0.38,0.381,0.353,0.343,0.227,0.255,0.188,0.224,3.104,0.438,2.666,2.301,1
Positive_173,4.225,0.469,4.695,3.286,6.103,0.277,0.15,0.286,0.333,0.399,0.347,0.283,0.226,0.236,0.222,0.203,2.077,0.231,2.308,3.0,1
Negative_178,4.909,1.455,3.818,4.182,12.364,0.324,0.147,0.387,0.451,0.358,0.427,0.197,0.14,0.175,0.124,0.151,2.67,0.791,2.076,6.724,0
Positive_122,5.141,1.285,5.334,4.627,4.82,0.231,0.117,0.337,0.402,0.388,0.393,0.292,0.186,0.221,0.156,0.183,2.64,0.66,2.739,2.475,1
Negative_235,1.741,5.97,3.483,6.468,3.234,0.316,0.114,0.303,0.381,0.291,0.418,0.237,0.17,0.259,0.229,0.16,0.858,2.941,1.716,1.593,0
Positive_28,4.906,1.876,7.792,6.926,5.483,0.238,0.127,0.307,0.375,0.397,0.351,0.272,0.173,0.233,0.194,0.211,2.495,0.954,3.963,2.789,1
Negative_30,3.77,2.579,4.762,1.389,6.746,0.266,0.071,0.345,0.409,0.365,0.397,0.157,0.093,0.141,0.165,0.115,2.059,1.408,2.6,3.684,0
Positive_128,4.908,1.227,3.374,3.988,8.282,0.279,0.138,0.383,0.445,0.353,0.426,0.283,0.212,0.206,0.138,0.175,2.606,0.652,1.792,4.398,1
Negative_97,2.667,1.333,4.333,3.667,3.667,0.27,0.053,0.387,0.427,0.32,0.463,0.227,0.104,0.184,0.161,0.144,1.41,0.705,2.291,1.939,0
Negative_121,1.163,5.426,3.488,1.163,5.814,0.291,0.043,0.368,0.434,0.38,0.426,0.148,0.082,0.14,0.175,0.109,0.673,3.142,2.019,3.366,0
Positive_17,3.925,1.495,5.794,6.355,5.607,0.254,0.09,0.363,0.417,0.359,0.4,0.285,0.142,0.199,0.165,0.18,2.059,0.784,3.04,2.942,1
Negative_163,3.744,1.997,3.411,3.993,10.732,0.324,0.109,0.41,0.468,0.313,0.459,0.22,0.172,0.187,0.123,0.157,1.953,1.042,1.78,5.599,0
Positive_118,4.732,1.262,6.625,4.101,6.625,0.23,0.107,0.322,0.382,0.413,0.344,0.301,0.177,0.25,0.142,0.237,2.47,0.659,3.458,3.458,1
Positive_96,8.465,1.378,4.528,9.252,4.134,0.187,0.195,0.285,0.384,0.362,0.331,0.321,0.262,0.258,0.181,0.219,4.216,0.686,2.255,2.059,1
Positive_46,5.301,1.928,6.265,2.892,7.229,0.258,0.133,0.313,0.386,0.388,0.366,0.258,0.208,0.227,0.167,0.176,2.672,0.972,3.158,3.643,1
Negative_65,3.226,0.717,2.509,0.717,11.111,0.233,0.108,0.437,0.477,0.258,0.48,0.273,0.155,0.18,0.126,0.147,1.433,0.319,1.115,4.937,0
Positive_218,5.628,1.299,6.494,10.173,5.411,0.24,0.115,0.346,0.416,0.331,0.394,0.286,0.176,0.234,0.174,0.204,2.859,0.66,3.299,2.749,1
Negative_59,3.704,2.881,5.761,6.584,7.407,0.354,0.111,0.379,0.444,0.3,0.444,0.215,0.153,0.223,0.12,0.165,1.965,1.529,3.057,3.93,0
Positive_8,4.839,4.839,4.032,4.839,3.226,0.21,0.113,0.315,0.411,0.323,0.387,0.301,0.163,0.252,0.179,0.228,2.336,2.336,1.946,1.557,1
Negative_210,5.15,2.146,1.288,0.858,11.159,0.215,0.124,0.472,0.545,0.318,0.481,0.272,0.116,0.129,0.078,0.129,2.612,1.089,0.653,5.66,0
Positive_24,4.082,0.0,2.041,11.224,3.061,0.245,0.122,0.286,0.327,0.255,0.408,0.247,0.216,0.227,0.175,0.186,1.901,0.0,0.95,1.425,1
Negative_63,4.775,3.714,2.918,3.979,7.56,0.231,0.142,0.324,0.408,0.375,0.361,0.27,0.198,0.22,0.158,0.189,2.388,1.857,1.459,3.781,0
Positive_55,8.537,0.697,4.53,1.568,5.923,0.26,0.132,0.38,0.472,0.329,0.429,0.241,0.211,0.178,0.14,0.147,4.324,0.353,2.294,3.0,1
Negative_129,1.676,0.559,0.559,2.235,16.201,0.453,0.045,0.547,0.57,0.162,0.631,0.129,0.062,0.107,0.067,0.09,0.87,0.29,0.29,8.412,0
Positive_156,3.167,4.977,0.905,2.715,11.312,0.303,0.104,0.344,0.425,0.321,0.38,0.255,0.168,0.241,0.159,0.214,1.622,2.549,0.464,5.794,1
Negative_152,5.97,2.985,2.985,4.478,7.463,0.254,0.149,0.403,0.493,0.269,0.433,0.212,0.197,0.091,0.167,0.061,2.834,1.417,1.417,3.542,0
Negative_167,5.572,1.173,1.466,1.76,19.355,0.328,0.091,0.499,0.566,0.249,0.516,0.203,0.121,0.121,0.076,0.106,2.866,0.603,0.754,9.954,0
Negative_34,4.516,0.323,3.871,4.839,7.742,0.345,0.126,0.397,0.445,0.339,0.448,0.168,0.191,0.159,0.136,0.126,2.433,0.174,2.085,4.171,0
Positive_21,4.98,1.704,6.029,9.305,4.325,0.216,0.11,0.328,0.394,0.367,0.363,0.269,0.16,0.23,0.164,0.205,2.534,0.867,3.067,2.2,1
Positive_31,2.258,2.581,8.065,7.097,2.581,0.232,0.081,0.297,0.345,0.413,0.355,0.262,0.113,0.239,0.172,0.201,1.184,1.353,4.229,1.353,1
Positive_117,5.882,4.412,2.941,11.765,2.941,0.279,0.132,0.309,0.412,0.338,0.368,0.239,0.254,0.254,0.164,0.224,3.097,2.323,1.548,1.548,1
Negative_183,7.225,0.578,3.468,2.312,8.96,0.272,0.11,0.387,0.465,0.335,0.419,0.264,0.183,0.188,0.125,0.177,3.566,0.285,1.712,4.423,0
Positive_181,4.549,3.348,6.781,6.695,5.923,0.314,0.102,0.295,0.374,0.38,0.36,0.243,0.166,0.253,0.189,0.208,2.445,1.8,3.645,3.184,1
Positive_211,2.128,1.862,11.702,1.862,5.319,0.285,0.029,0.269,0.309,0.41,0.367,0.147,0.053,0.195,0.221,0.128,1.19,1.042,6.546,2.975,1
Negative_198,4.025,4.644,1.238,2.477,9.598,0.297,0.108,0.443,0.529,0.241,0.511,0.224,0.183,0.168,0.099,0.121,2.1,2.423,0.646,5.008,0
Positive_26,3.831,1.533,5.364,4.215,4.981,0.188,0.08,0.398,0.452,0.387,0.418,0.319,0.135,0.212,0.135,0.2,2.058,0.824,2.882,2.676,1
Negative_58,4.368,1.379,1.609,2.299,14.253,0.324,0.124,0.503,0.561,0.253,0.524,0.233,0.177,0.108,0.092,0.104,2.237,0.706,0.824,7.3,0
Negative_48,3.294,3.529,4.471,4.471,8.471,0.306,0.101,0.32,0.388,0.369,0.386,0.267,0.165,0.259,0.163,0.222,1.717,1.839,2.33,4.415,0
Positive_207,4.629,0.0,5.359,6.456,3.41,0.287,0.101,0.376,0.423,0.354,0.435,0.228,0.154,0.183,0.151,0.143,2.44,0.0,2.825,1.797,1
Positive_38,5.378,1.408,4.225,3.329,4.481,0.255,0.115,0.333,0.401,0.396,0.389,0.245,0.186,0.228,0.165,0.19,2.839,0.743,2.23,2.366,1
Negative_169,6.452,3.687,5.069,5.991,5.991,0.281,0.106,0.276,0.378,0.369,0.336,0.231,0.13,0.255,0.204,0.208,3.342,1.91,2.626,3.103,0
Positive_77,4.069,1.499,4.711,5.139,4.069,0.233,0.111,0.349,0.405,0.385,0.39,0.26,0.17,0.227,0.191,0.197,2.146,0.791,2.485,2.146,1
Positive_43,4.036,0.897,6.278,5.381,5.83,0.265,0.103,0.296,0.345,0.404,0.368,0.266,0.176,0.212,0.203,0.171,2.026,0.45,3.152,2.927,1
Positive_106,7.741,0.628,5.858,4.812,6.695,0.285,0.138,0.337,0.421,0.32,0.416,0.26,0.224,0.231,0.18,0.178,3.92,0.318,2.966,3.39,1
Negative_201,3.734,3.043,6.362,5.533,4.288,0.296,0.091,0.303,0.371,0.397,0.372,0.23,0.15,0.23,0.179,0.179,2.006,1.635,3.418,2.304,0
Negative_90,3.814,1.977,1.695,1.554,9.887,0.294,0.092,0.449,0.507,0.306,0.49,0.24,0.133,0.15,0.107,0.122,1.969,1.021,0.875,5.104,0
Negative_106,3.852,1.445,0.321,2.247,9.952,0.201,0.116,0.499,0.552,0.318,0.51,0.268,0.19,0.13,0.082,0.124,2.019,0.757,0.168,5.216,0
Positive_102,4.638,1.159,5.217,3.478,5.217,0.22,0.099,0.371,0.429,0.38,0.414,0.294,0.145,0.218,0.128,0.195,2.435,0.608,2.738,2.738,1
Positive_111,4.991,0.891,4.991,3.565,8.556,0.289,0.102,0.399,0.458,0.319,0.449,0.245,0.18,0.204,0.146,0.175,2.597,0.464,2.597,4.453,1
Negative_166,3.361,1.681,3.782,6.723,12.185,0.387,0.088,0.391,0.441,0.324,0.445,0.139,0.122,0.135,0.165,0.11,1.823,0.912,2.051,6.607,0
Positive_188,5.039,0.258,2.455,3.488,5.556,0.236,0.099,0.35,0.403,0.366,0.393,0.278,0.151,0.206,0.166,0.182,2.478,0.127,1.207,2.732,1
Negative_85,3.79,3.499,0.583,6.414,7.872,0.262,0.114,0.388,0.461,0.327,0.408,0.301,0.164,0.202,0.126,0.193,1.901,1.755,0.292,3.947,0
Negative_173,3.828,1.914,4.785,3.828,6.459,0.349,0.093,0.344,0.402,0.364,0.416,0.194,0.151,0.216,0.158,0.168,2.065,1.033,2.582,3.485,0
Negative_18,4.046,2.312,1.156,5.202,9.249,0.26,0.119,0.372,0.435,0.349,0.414,0.255,0.147,0.178,0.153,0.147,2.097,1.198,0.599,4.793,0
Negative_89,2.521,0.84,2.101,3.571,5.462,0.275,0.067,0.538,0.571,0.267,0.576,0.248,0.109,0.114,0.105,0.101,1.414,0.471,1.178,3.063,0
Negative_124,6.135,3.681,7.055,2.454,4.294,0.285,0.101,0.353,0.451,0.344,0.417,0.249,0.178,0.228,0.145,0.188,3.188,1.913,3.666,2.231,0
Positive_200,5.882,0.895,2.941,5.754,5.371,0.228,0.124,0.359,0.427,0.34,0.405,0.291,0.17,0.206,0.179,0.173,2.927,0.445,1.464,2.673,1
Positive_159,5.628,1.299,5.195,8.225,2.597,0.229,0.121,0.247,0.316,0.381,0.307,0.287,0.178,0.291,0.252,0.243,2.674,0.617,2.469,1.234,1
Negative_223,4.474,4.232,3.99,4.111,4.353,0.264,0.088,0.36,0.447,0.335,0.411,0.245,0.14,0.199,0.151,0.171,2.348,2.221,2.094,2.284,0
Positive_57,4.28,0.778,5.837,10.117,1.946,0.222,0.105,0.3,0.35,0.436,0.346,0.297,0.152,0.246,0.18,0.219,2.248,0.409,3.065,1.022,1
Positive_133,2.62,0.0,3.93,3.057,7.424,0.231,0.118,0.371,0.397,0.323,0.424,0.294,0.175,0.202,0.145,0.171,1.203,0.0,1.805,3.409,1
Negative_200,4.286,1.429,2.143,3.571,10.0,0.3,0.129,0.336,0.393,0.364,0.371,0.245,0.194,0.23,0.194,0.194,2.214,0.738,1.107,5.167,0
Positive_15,4.011,3.152,7.163,7.163,4.298,0.186,0.112,0.312,0.384,0.41,0.35,0.325,0.172,0.23,0.19,0.21,2.131,1.675,3.806,2.284,1
Positive_86,7.394,0.352,3.873,1.761,5.634,0.187,0.113,0.405,0.482,0.349,0.437,0.297,0.201,0.205,0.127,0.173,3.702,0.176,1.939,2.821,1
Negative_122,2.488,2.239,2.736,1.99,15.423,0.351,0.05,0.565,0.612,0.211,0.6,0.167,0.087,0.072,0.057,0.057,1.305,1.175,1.435,8.092,0
Positive_153,5.038,1.331,5.513,5.989,6.559,0.285,0.13,0.311,0.375,0.371,0.373,0.261,0.182,0.26,0.191,0.216,2.563,0.677,2.804,3.337,1
Negative_172,6.081,3.041,4.392,5.068,5.743,0.236,0.128,0.318,0.409,0.365,0.348,0.278,0.183,0.275,0.166,0.244,3.006,1.503,2.171,2.839,0
Positive_81,3.906,0.0,4.688,9.375,0.781,0.273,0.125,0.305,0.344,0.367,0.359,0.291,0.197,0.291,0.205,0.244,2.0,0.0,2.401,0.4,1
Positive_219,4.575,2.614,5.556,5.556,5.882,0.242,0.101,0.297,0.369,0.389,0.353,0.256,0.157,0.22,0.197,0.184,2.38,1.36,2.89,3.06,1
Negative_125,3.061,3.061,3.699,4.847,5.74,0.267,0.13,0.399,0.46,0.343,0.459,0.25,0.189,0.186,0.115,0.147,1.66,1.66,2.006,3.113,0
Negative_57,6.005,12.01,1.567,1.567,9.661,0.24,0.097,0.376,0.556,0.266,0.423,0.254,0.144,0.22,0.081,0.181,3.234,6.467,0.844,5.202,0
Positive_90,4.169,1.278,2.286,4.506,18.157,0.266,0.095,0.607,0.661,0.201,0.619,0.281,0.15,0.078,0.059,0.07,2.298,0.705,1.26,10.01,1
Negative_196,3.181,2.883,1.889,3.579,16.402,0.353,0.095,0.513,0.574,0.244,0.567,0.192,0.145,0.128,0.089,0.1,1.754,1.59,1.042,9.044,0
Positive_160,7.222,1.667,5.556,5.0,2.778,0.211,0.156,0.267,0.356,0.406,0.3,0.318,0.223,0.291,0.156,0.274,3.629,0.838,2.791,1.396,1
Positive_1,3.499,1.197,6.446,5.709,4.88,0.251,0.075,0.397,0.444,0.361,0.444,0.221,0.126,0.179,0.133,0.154,1.95,0.667,3.592,2.719,1
Positive_120,3.521,2.465,7.394,5.282,3.521,0.227,0.092,0.279,0.339,0.411,0.319,0.282,0.136,0.262,0.207,0.23,1.763,1.235,3.703,1.763,1
Positive_23,5.743,2.365,1.351,1.014,5.743,0.196,0.125,0.392,0.473,0.318,0.429,0.312,0.197,0.18,0.156,0.163,2.719,1.12,0.64,2.719,1
Positive_176,6.122,0.34,7.143,9.864,3.401,0.156,0.16,0.299,0.364,0.418,0.32,0.355,0.225,0.242,0.184,0.232,3.069,0.17,3.581,1.705,1
Negative_214,6.897,4.598,1.149,3.448,3.448,0.23,0.161,0.264,0.379,0.368,0.322,0.256,0.163,0.198,0.105,0.186,3.662,2.442,0.61,1.831,0
Negative_181,3.813,2.08,2.773,7.106,7.626,0.326,0.102,0.409,0.468,0.295,0.452,0.229,0.149,0.177,0.148,0.146,2.028,1.106,1.475,4.057,0
Negative_165,3.686,2.211,2.948,3.686,6.88,0.273,0.13,0.324,0.383,0.405,0.373,0.236,0.155,0.202,0.155,0.175,1.901,1.14,1.521,3.549,0
Positive_195,6.752,0.0,4.562,6.569,3.102,0.268,0.108,0.35,0.418,0.347,0.436,0.267,0.181,0.219,0.176,0.161,3.563,0.0,2.408,1.637,1
Positive_30,5.576,0.372,7.435,3.346,4.833,0.234,0.097,0.394,0.454,0.346,0.435,0.269,0.157,0.194,0.116,0.164,2.856,0.191,3.808,2.475,1
Positive_205,6.061,1.981,6.294,7.576,5.361,0.228,0.133,0.302,0.382,0.366,0.345,0.299,0.201,0.247,0.186,0.217,3.041,0.994,3.158,2.69,1
Positive_175,4.734,0.0,3.846,7.692,4.438,0.228,0.086,0.379,0.426,0.358,0.423,0.315,0.163,0.202,0.16,0.178,2.49,0.0,2.023,2.334,1
Negative_231,0.0,20.339,0.0,5.085,16.102,0.432,0.008,0.534,0.737,0.127,0.568,0.111,0.017,0.111,0.017,0.094,0.0,13.777,0.0,10.907,0
Negative_78,8.276,10.345,4.138,13.103,8.276,0.255,0.117,0.241,0.428,0.241,0.331,0.292,0.174,0.292,0.181,0.243,4.395,5.494,2.198,4.395,0
Negative_27,2.326,3.488,0.581,3.488,19.186,0.401,0.076,0.477,0.535,0.203,0.552,0.246,0.123,0.14,0.105,0.117,1.188,1.782,0.297,9.801,0
Negative_95,3.226,1.613,8.871,4.032,4.839,0.242,0.073,0.427,0.476,0.331,0.468,0.244,0.106,0.154,0.114,0.138,1.746,0.873,4.8,2.618,0
Positive_39,2.73,1.737,3.474,7.94,7.444,0.268,0.104,0.305,0.35,0.395,0.365,0.259,0.149,0.224,0.209,0.194,1.399,0.89,1.78,3.814,1
Negative_161,2.913,3.883,6.472,4.207,3.883,0.34,0.049,0.288,0.356,0.372,0.372,0.136,0.075,0.169,0.218,0.133,1.665,2.219,3.699,2.219,0
Positive_170,6.383,0.0,4.255,11.915,4.255,0.213,0.115,0.264,0.328,0.379,0.306,0.329,0.167,0.308,0.192,0.269,3.029,0.0,2.019,2.019,1
Negative_132,4.178,1.139,2.767,4.069,10.364,0.301,0.122,0.421,0.474,0.346,0.457,0.264,0.191,0.183,0.139,0.162,2.227,0.607,1.475,5.525,0
Positive_51,5.654,0.0,5.654,3.18,7.42,0.269,0.124,0.318,0.375,0.364,0.399,0.238,0.202,0.206,0.195,0.149,2.824,0.0,2.824,3.706,1
Positive_166,7.399,0.448,4.484,4.484,2.018,0.238,0.121,0.339,0.417,0.314,0.401,0.312,0.216,0.254,0.153,0.207,3.628,0.22,2.199,0.99,1
Positive_110,6.863,0.98,3.431,1.961,5.392,0.199,0.113,0.4,0.478,0.341,0.434,0.295,0.177,0.179,0.113,0.16,3.379,0.483,1.689,2.655,1
Positive_109,6.468,0.0,7.463,5.473,4.975,0.244,0.119,0.368,0.433,0.368,0.418,0.265,0.2,0.175,0.12,0.15,3.396,0.0,3.919,2.612,1
Positive_212,8.127,0.707,2.827,1.767,6.36,0.247,0.124,0.371,0.459,0.329,0.424,0.294,0.191,0.238,0.149,0.213,3.963,0.345,1.378,3.101,1
Positive_87,6.873,1.031,3.093,1.375,3.78,0.22,0.117,0.402,0.481,0.316,0.436,0.255,0.193,0.186,0.117,0.169,3.339,0.501,1.503,1.836,1
Negative_87,4.025,3.096,0.619,0.619,7.121,0.238,0.118,0.409,0.48,0.313,0.455,0.286,0.18,0.177,0.102,0.158,1.988,1.529,0.306,3.517,0
Positive_98,0.0,2.273,2.273,0.0,9.091,0.295,0.068,0.455,0.477,0.273,0.477,0.209,0.116,0.14,0.163,0.14,0.0,0.968,0.968,3.873,1
Positive_60,4.965,0.473,8.511,7.565,4.019,0.203,0.144,0.326,0.381,0.397,0.374,0.318,0.223,0.254,0.197,0.213,2.478,0.236,4.248,2.006,1
Negative_94,4.684,1.629,3.055,3.666,8.758,0.251,0.108,0.373,0.436,0.34,0.411,0.269,0.169,0.206,0.137,0.188,2.28,0.793,1.487,4.262,0
Positive_78,6.443,0.0,6.443,6.186,3.866,0.219,0.149,0.314,0.379,0.379,0.363,0.287,0.22,0.24,0.152,0.214,3.144,0.0,3.144,1.886,1
Negative_135,2.884,0.465,2.605,4.093,15.442,0.387,0.081,0.492,0.526,0.288,0.548,0.182,0.111,0.139,0.128,0.108,1.649,0.266,1.49,8.831,0
Positive_62,5.903,0.358,5.009,3.399,5.188,0.218,0.104,0.349,0.411,0.385,0.392,0.287,0.176,0.228,0.167,0.185,3.047,0.185,2.585,2.678,1
Negative_38,6.714,2.65,3.357,4.24,7.951,0.314,0.106,0.373,0.466,0.297,0.419,0.221,0.175,0.198,0.136,0.172,3.441,1.358,1.721,4.075,0
Positive_196,5.527,1.535,4.504,5.732,6.755,0.304,0.124,0.329,0.399,0.357,0.396,0.22,0.182,0.2,0.162,0.164,2.89,0.803,2.355,3.532,1
Negative_175,3.676,2.206,1.961,4.412,11.275,0.299,0.115,0.39,0.449,0.316,0.431,0.231,0.174,0.162,0.162,0.13,1.879,1.128,1.002,5.764,0
Positive_45,6.881,1.376,6.422,7.798,3.67,0.266,0.147,0.289,0.372,0.362,0.376,0.263,0.217,0.258,0.152,0.18,3.54,0.708,3.304,1.888,1
Negative_52,4.233,4.056,1.764,4.233,10.229,0.298,0.093,0.399,0.481,0.277,0.446,0.247,0.148,0.203,0.15,0.171,2.099,2.011,0.875,5.071,0
Positive_203,6.484,1.441,4.755,10.375,3.53,0.211,0.177,0.231,0.311,0.424,0.274,0.312,0.245,0.296,0.229,0.261,3.302,0.734,2.422,1.798,1
Negative_29,4.96,1.984,2.976,5.754,10.913,0.319,0.075,0.415,0.484,0.284,0.47,0.217,0.103,0.173,0.137,0.147,2.579,1.032,1.547,5.675,0
Positive_183,6.303,2.101,5.672,8.613,5.672,0.246,0.128,0.271,0.355,0.374,0.321,0.286,0.196,0.288,0.196,0.255,3.129,1.043,2.816,2.816,1
Positive_222,5.308,2.844,6.161,4.645,4.834,0.275,0.112,0.332,0.413,0.345,0.384,0.269,0.176,0.243,0.17,0.204,2.714,1.454,3.151,2.472,1
Negative_230,4.061,2.03,1.777,2.284,10.406,0.239,0.119,0.421,0.482,0.327,0.431,0.272,0.183,0.16,0.148,0.153,2.002,1.001,0.876,5.129,0
Positive_143,6.154,0.0,3.846,8.462,3.077,0.262,0.108,0.3,0.362,0.377,0.346,0.279,0.178,0.302,0.217,0.256,3.204,0.0,2.002,1.602,1
Positive_76,3.828,1.435,6.699,8.612,5.263,0.23,0.115,0.273,0.325,0.402,0.34,0.332,0.173,0.312,0.25,0.26,1.94,0.727,3.395,2.667,1
Positive_52,5.775,1.52,7.599,6.991,3.04,0.243,0.119,0.264,0.337,0.419,0.325,0.271,0.174,0.284,0.216,0.216,3.044,0.801,4.006,1.603,1
Positive_103,5.802,0.341,5.802,4.437,5.119,0.239,0.119,0.331,0.392,0.389,0.406,0.267,0.202,0.212,0.168,0.175,2.912,0.171,2.912,2.569,1
Positive_9,3.413,2.389,7.167,5.802,4.778,0.28,0.096,0.229,0.287,0.355,0.352,0.202,0.161,0.281,0.226,0.188,1.784,1.249,3.746,2.498,1
Negative_229,6.11,1.639,2.235,7.004,9.836,0.283,0.143,0.477,0.554,0.249,0.505,0.23,0.207,0.118,0.094,0.104,3.16,0.848,1.156,5.088,0
Negative_91,5.164,4.225,2.817,10.329,9.39,0.258,0.141,0.235,0.329,0.385,0.296,0.245,0.179,0.274,0.226,0.222,2.723,2.228,1.486,4.952,0
Negative_168,8.293,1.951,2.439,4.39,4.878,0.293,0.156,0.337,0.439,0.341,0.385,0.255,0.196,0.221,0.127,0.191,4.384,1.031,1.289,2.579,0
Negative_222,3.15,0.787,1.378,3.543,11.122,0.352,0.07,0.448,0.487,0.336,0.495,0.187,0.109,0.144,0.13,0.119,1.85,0.462,0.809,6.53,0
Negative_232,3.175,1.27,1.27,1.587,5.714,0.26,0.102,0.441,0.486,0.279,0.498,0.232,0.15,0.182,0.146,0.14,1.504,0.601,0.601,2.706,0
Negative_194,2.439,3.049,1.22,0.61,8.537,0.305,0.098,0.366,0.421,0.421,0.415,0.178,0.135,0.153,0.141,0.123,1.333,1.667,0.667,4.667,0
Positive_59,9.365,1.338,5.017,4.348,4.013,0.201,0.134,0.351,0.458,0.344,0.395,0.295,0.205,0.201,0.111,0.168,4.776,0.682,2.558,2.046,1
Negative_1,2.994,2.395,3.892,9.581,12.275,0.371,0.057,0.419,0.473,0.251,0.473,0.165,0.093,0.147,0.126,0.105,1.613,1.29,2.097,6.614,0
Negative_147,2.97,1.32,0.99,1.32,6.601,0.281,0.076,0.386,0.429,0.33,0.452,0.252,0.123,0.222,0.182,0.185,1.481,0.658,0.494,3.291,0
Negative_227,3.502,1.556,5.837,3.113,4.28,0.3,0.093,0.331,0.381,0.358,0.385,0.191,0.156,0.152,0.176,0.121,1.83,0.813,3.05,2.236,0
Positive_162,3.478,0.0,4.348,5.217,6.087,0.322,0.104,0.487,0.522,0.296,0.539,0.184,0.175,0.096,0.105,0.07,1.92,0.0,2.401,3.361,1
Positive_208,6.957,1.739,5.652,7.391,5.0,0.261,0.141,0.298,0.385,0.38,0.346,0.277,0.205,0.251,0.163,0.22,3.661,0.915,2.975,2.631,1
Negative_184,1.942,1.942,0.0,6.796,6.796,0.282,0.233,0.369,0.408,0.417,0.408,0.235,0.176,0.098,0.118,0.098,1.123,1.123,0.0,3.931,0
Positive_61,5.952,1.19,8.929,6.25,5.655,0.208,0.11,0.31,0.381,0.405,0.357,0.304,0.164,0.254,0.164,0.233,3.034,0.607,4.551,2.882,1
Positive_121,4.972,0.0,6.63,4.42,3.867,0.271,0.116,0.32,0.37,0.37,0.387,0.278,0.194,0.244,0.178,0.211,2.589,0.0,3.452,2.013,1
Positive_152,6.054,1.794,8.969,9.417,3.363,0.2,0.148,0.249,0.327,0.439,0.294,0.303,0.225,0.267,0.178,0.231,3.074,0.911,4.554,1.708,1
Negative_13,5.857,6.941,2.603,3.471,3.037,0.18,0.134,0.295,0.423,0.445,0.312,0.363,0.213,0.304,0.143,0.287,3.081,3.652,1.369,1.598,0
Positive_50,5.743,0.338,4.392,2.703,7.432,0.264,0.101,0.345,0.405,0.345,0.385,0.234,0.18,0.224,0.173,0.19,2.846,0.167,2.176,3.683,1
Negative_236,4.404,0.752,2.685,5.478,12.889,0.348,0.108,0.446,0.497,0.348,0.474,0.21,0.165,0.174,0.133,0.152,2.575,0.44,1.57,7.536,0
Positive_83,5.862,0.676,6.426,5.411,4.059,0.234,0.139,0.307,0.372,0.37,0.38,0.313,0.212,0.242,0.19,0.203,2.876,0.332,3.153,1.992,1
Negative_127,6.051,3.503,2.866,4.459,3.822,0.29,0.083,0.382,0.478,0.283,0.427,0.265,0.141,0.233,0.169,0.214,3.017,1.747,1.429,1.906,0
Positive_201,3.788,1.515,6.818,13.636,0.758,0.22,0.106,0.288,0.341,0.371,0.303,0.321,0.168,0.26,0.168,0.244,1.84,0.736,3.313,0.368,1
Negative_75,3.279,4.098,5.738,3.279,4.918,0.311,0.045,0.344,0.418,0.332,0.414,0.177,0.082,0.206,0.181,0.16,1.811,2.263,3.168,2.716,0
Positive_163,4.474,2.105,2.368,2.105,8.158,0.287,0.095,0.371,0.437,0.339,0.442,0.264,0.166,0.179,0.142,0.14,2.287,1.076,1.21,4.17,1
Negative_64,2.105,0.789,2.105,5.263,14.737,0.308,0.1,0.487,0.516,0.3,0.508,0.214,0.132,0.164,0.142,0.145,1.156,0.433,1.156,8.094,0
Positive_88,5.703,2.444,3.259,7.332,4.684,0.261,0.118,0.295,0.377,0.342,0.356,0.261,0.178,0.245,0.165,0.2,2.822,1.209,1.613,2.318,1
Negative_228,5.181,2.639,3.617,8.7,6.647,0.292,0.134,0.359,0.437,0.344,0.382,0.242,0.195,0.188,0.136,0.171,2.75,1.401,1.92,3.528,0
Negative_70,2.92,2.92,6.569,5.839,3.65,0.241,0.131,0.27,0.328,0.416,0.336,0.294,0.184,0.257,0.243,0.221,1.443,1.443,3.246,1.804,0
Negative_88,5.22,2.447,1.142,6.199,8.483,0.336,0.122,0.38,0.457,0.3,0.427,0.216,0.152,0.18,0.124,0.158,2.737,1.283,0.599,4.448,0
Negative_74,3.324,0.831,1.939,1.939,16.066,0.41,0.066,0.496,0.537,0.244,0.548,0.136,0.111,0.122,0.142,0.092,1.876,0.469,1.094,9.067,0
Positive_217,7.08,1.77,6.416,7.965,4.204,0.246,0.117,0.312,0.4,0.314,0.372,0.275,0.175,0.251,0.195,0.208,3.48,0.87,3.153,2.066,1
Positive_33,3.793,1.264,3.287,3.413,5.815,0.258,0.099,0.319,0.369,0.375,0.393,0.258,0.144,0.23,0.18,0.178,1.91,0.637,1.655,2.929,1
Positive_197,5.245,1.748,5.594,6.993,3.846,0.192,0.126,0.36,0.43,0.357,0.395,0.298,0.193,0.204,0.193,0.182,2.611,0.87,2.785,1.915,1
Negative_159,3.182,0.227,2.273,4.545,26.591,0.452,0.064,0.561,0.595,0.209,0.6,0.171,0.082,0.125,0.1,0.096,1.75,0.125,1.25,14.622,0
Positive_95,4.8,0.8,3.6,5.8,6.4,0.338,0.096,0.37,0.426,0.372,0.404,0.222,0.168,0.206,0.136,0.188,2.721,0.454,2.041,3.629,1
Positive_108,7.735,1.105,4.42,0.0,3.315,0.254,0.11,0.365,0.453,0.298,0.436,0.294,0.2,0.233,0.161,0.189,3.634,0.519,2.076,1.557,1
Negative_101,4.982,2.309,4.253,4.131,7.533,0.339,0.106,0.418,0.491,0.343,0.45,0.207,0.187,0.186,0.108,0.169,2.888,1.338,2.465,4.366,0
Negative_134,2.538,3.046,5.584,4.061,7.614,0.294,0.081,0.36,0.416,0.386,0.421,0.173,0.153,0.189,0.173,0.133,1.452,1.743,3.195,4.356,0
Positive_19,5.151,1.421,4.796,6.394,6.217,0.25,0.105,0.364,0.43,0.325,0.417,0.285,0.155,0.21,0.157,0.183,2.58,0.712,2.402,3.114,1
Positive_124,4.274,2.564,1.923,3.205,9.615,0.325,0.09,0.402,0.47,0.31,0.444,0.206,0.139,0.169,0.105,0.133,2.232,1.339,1.004,5.022,1
Positive_104,7.167,0.0,6.143,8.191,3.072,0.184,0.154,0.229,0.3,0.389,0.283,0.366,0.219,0.318,0.233,0.277,3.264,0.0,2.797,1.399,1
Negative_208,4.655,1.21,2.98,2.514,8.939,0.308,0.115,0.408,0.466,0.344,0.452,0.233,0.158,0.187,0.126,0.156,2.455,0.638,1.572,4.714,0
Positive_129,3.828,0.478,6.22,4.306,3.349,0.301,0.067,0.354,0.397,0.349,0.435,0.274,0.13,0.245,0.168,0.197,1.948,0.243,3.165,1.704,1
Negative_209,1.633,4.082,4.898,3.265,3.265,0.273,0.053,0.302,0.359,0.335,0.388,0.172,0.09,0.201,0.184,0.156,0.866,2.166,2.598,1.732,0
Positive_202,7.229,2.41,5.422,15.06,3.614,0.217,0.163,0.283,0.38,0.343,0.325,0.248,0.194,0.218,0.188,0.194,3.584,1.195,2.688,1.792,1
Positive_214,5.516,1.679,4.556,10.072,4.077,0.194,0.12,0.333,0.405,0.365,0.355,0.337,0.173,0.24,0.171,0.224,2.824,0.86,2.332,2.087,1
Negative_219,3.912,5.379,5.623,5.868,4.645,0.254,0.081,0.296,0.389,0.362,0.355,0.194,0.108,0.174,0.167,0.145,2.046,2.813,2.941,2.429,0
Positive_132,5.488,1.524,3.659,2.134,5.488,0.256,0.101,0.396,0.466,0.296,0.448,0.248,0.165,0.196,0.159,0.159,2.742,0.762,1.828,2.742,1
Positive_223,8.812,2.299,3.831,4.598,6.513,0.23,0.142,0.291,0.402,0.36,0.345,0.285,0.212,0.223,0.165,0.185,4.37,1.14,1.9,3.23,1
Positive_184,6.494,2.338,3.117,5.325,4.545,0.245,0.184,0.287,0.375,0.395,0.345,0.274,0.243,0.238,0.164,0.191,3.403,1.225,1.633,2.381,1
Positive_71,6.114,1.381,4.734,12.426,4.339,0.244,0.135,0.305,0.38,0.346,0.355,0.308,0.192,0.268,0.192,0.233,3.128,0.707,2.422,2.22,1
Positive_36,5.096,0.318,5.096,9.873,3.503,0.261,0.115,0.347,0.401,0.341,0.392,0.256,0.185,0.227,0.169,0.192,2.698,0.168,2.698,1.854,1
Negative_212,3.371,1.685,2.528,2.247,8.427,0.247,0.073,0.424,0.475,0.306,0.472,0.27,0.13,0.203,0.132,0.175,1.649,0.824,1.237,4.122,0
Positive_0,6.421,1.23,5.191,5.191,4.508,0.255,0.13,0.288,0.365,0.372,0.347,0.285,0.193,0.256,0.172,0.219,3.16,0.605,2.555,2.219,1
Positive_69,6.019,2.315,7.407,6.713,3.704,0.222,0.123,0.301,0.384,0.373,0.361,0.318,0.19,0.278,0.151,0.227,3.066,1.179,3.773,1.887,1
Negative_62,5.221,1.707,3.765,6.175,5.673,0.28,0.114,0.353,0.422,0.347,0.393,0.247,0.162,0.2,0.16,0.177,2.734,0.894,1.972,2.971,0
Negative_104,4.19,2.476,2.286,2.476,10.476,0.333,0.093,0.474,0.541,0.288,0.512,0.204,0.151,0.143,0.132,0.124,2.27,1.342,1.239,5.677,0
Negative_185,1.626,1.626,1.626,2.439,8.943,0.285,0.057,0.366,0.398,0.325,0.439,0.246,0.074,0.189,0.172,0.131,0.798,0.798,0.798,4.387,0
Positive_11,3.812,2.346,5.279,5.572,3.812,0.249,0.091,0.308,0.37,0.396,0.358,0.253,0.129,0.226,0.194,0.188,2.03,1.249,2.811,2.03,1
Positive_58,7.818,0.651,4.56,9.446,3.909,0.202,0.15,0.322,0.407,0.365,0.345,0.268,0.193,0.212,0.16,0.19,3.944,0.328,2.3,1.972,1
Negative_44,4.418,2.478,4.526,3.341,8.19,0.342,0.097,0.391,0.46,0.329,0.442,0.203,0.154,0.18,0.143,0.154,2.369,1.329,2.427,4.391,0
Positive_101,7.24,0.905,5.882,4.977,3.62,0.249,0.149,0.262,0.344,0.353,0.344,0.277,0.205,0.245,0.195,0.182,3.404,0.425,2.765,1.702,1
Positive_72,6.866,1.194,5.97,2.09,5.075,0.23,0.107,0.436,0.516,0.299,0.466,0.257,0.183,0.171,0.105,0.159,3.564,0.62,3.099,2.634,1
Negative_192,2.842,2.584,1.292,1.034,13.695,0.292,0.088,0.494,0.548,0.315,0.522,0.228,0.142,0.161,0.106,0.145,1.564,1.422,0.711,7.534,0
Negative_206,4.101,4.416,8.202,7.256,5.678,0.227,0.161,0.227,0.312,0.407,0.293,0.288,0.228,0.253,0.18,0.222,2.043,2.2,4.087,2.829,0
Positive_25,8.955,2.985,1.99,5.473,2.488,0.204,0.139,0.279,0.398,0.318,0.328,0.31,0.205,0.25,0.185,0.21,4.23,1.41,0.94,1.175,1
Negative_56,5.31,2.876,2.876,3.982,5.31,0.279,0.115,0.343,0.425,0.33,0.407,0.244,0.182,0.228,0.169,0.182,2.7,1.462,1.462,2.7,0
Negative_120,3.875,1.875,1.625,5.375,7.875,0.324,0.096,0.411,0.469,0.271,0.484,0.238,0.148,0.183,0.143,0.15,2.007,0.971,0.842,4.079,0
Negative_133,1.984,2.778,3.77,2.579,7.937,0.306,0.046,0.425,0.472,0.315,0.478,0.137,0.066,0.109,0.139,0.097,1.124,1.574,2.136,4.496,0
Positive_92,4.6,0.969,4.6,5.085,5.811,0.242,0.111,0.324,0.38,0.373,0.375,0.274,0.17,0.243,0.211,0.206,2.29,0.482,2.29,2.892,1
Positive_10,3.937,2.1,9.449,7.874,4.199,0.252,0.094,0.318,0.378,0.399,0.36,0.255,0.129,0.237,0.184,0.211,2.053,1.095,4.927,2.189,1
Positive_6,6.197,1.69,5.07,7.887,4.225,0.254,0.124,0.273,0.352,0.361,0.358,0.305,0.201,0.294,0.234,0.218,3.058,0.834,2.502,2.085,1
Negative_25,4.304,1.871,0.873,4.554,13.911,0.346,0.089,0.498,0.56,0.237,0.54,0.213,0.157,0.133,0.082,0.113,2.295,0.998,0.466,7.419,0
Negative_151,2.051,6.667,3.59,9.231,3.333,0.321,0.118,0.295,0.382,0.287,0.421,0.296,0.183,0.293,0.231,0.201,1.061,3.45,1.858,1.725,0
Negative_26,2.308,2.308,3.077,4.615,1.538,0.231,0.069,0.477,0.523,0.308,0.508,0.109,0.07,0.07,0.07,0.062,1.394,1.394,1.859,0.929,0
Positive_140,4.5,0.0,5.0,6.0,4.0,0.19,0.125,0.315,0.36,0.405,0.355,0.312,0.201,0.221,0.186,0.201,2.289,0.0,2.543,2.035,1
Positive_150,6.366,0.796,3.979,1.326,7.427,0.236,0.133,0.382,0.454,0.326,0.438,0.29,0.221,0.191,0.144,0.157,3.079,0.385,1.925,3.593,1
Negative_202,2.823,5.847,0.605,3.831,9.476,0.268,0.095,0.458,0.544,0.216,0.532,0.22,0.139,0.174,0.111,0.131,1.479,3.063,0.317,4.964,0
Positive_130,7.874,1.575,2.362,10.236,4.724,0.189,0.11,0.394,0.488,0.252,0.433,0.349,0.198,0.222,0.127,0.175,3.928,0.786,1.178,2.357,1
Negative_53,3.1,1.794,1.794,1.794,7.341,0.261,0.093,0.423,0.471,0.331,0.48,0.253,0.155,0.191,0.139,0.149,1.553,0.899,0.899,3.677,0
Negative_111,4.532,0.906,0.302,6.647,14.502,0.266,0.166,0.441,0.495,0.272,0.45,0.245,0.173,0.1,0.133,0.1,2.281,0.456,0.152,7.298,0
Negative_203,0.369,8.118,3.69,10.701,3.321,0.306,0.085,0.288,0.373,0.292,0.395,0.263,0.126,0.259,0.241,0.196,0.191,4.206,1.912,1.721,0
Negative_40,3.462,8.077,2.692,3.077,10.769,0.335,0.096,0.365,0.481,0.277,0.435,0.193,0.147,0.178,0.124,0.127,1.844,4.302,1.434,5.736,0
Positive_137,5.738,1.913,1.639,1.913,3.279,0.21,0.117,0.421,0.497,0.306,0.467,0.26,0.189,0.173,0.159,0.145,2.846,0.949,0.813,1.627,1
Positive_194,3.803,2.685,4.474,4.698,7.159,0.262,0.121,0.318,0.383,0.367,0.367,0.269,0.179,0.247,0.161,0.215,1.93,1.363,2.271,3.633,1
Positive_13,6.061,0.758,3.409,4.545,6.818,0.223,0.133,0.295,0.364,0.364,0.348,0.319,0.221,0.278,0.179,0.243,2.839,0.355,1.597,3.194,1
Positive_144,4.569,0.508,4.061,3.046,6.599,0.284,0.102,0.36,0.411,0.35,0.416,0.235,0.168,0.194,0.148,0.163,2.376,0.264,2.112,3.432,1
Negative_164,5.179,1.992,3.586,3.984,8.101,0.224,0.112,0.377,0.449,0.367,0.396,0.258,0.18,0.198,0.158,0.182,2.6,1.0,1.8,4.067,0
Negative_218,4.444,1.556,3.333,6.444,5.333,0.34,0.122,0.37,0.43,0.346,0.416,0.222,0.168,0.204,0.15,0.171,2.377,0.832,1.783,2.853,0
Positive_131,4.49,3.673,8.163,15.102,2.449,0.237,0.106,0.265,0.347,0.306,0.331,0.344,0.148,0.299,0.225,0.27,2.176,1.78,3.957,1.187,1
Negative_112,3.663,1.832,2.564,4.212,10.806,0.289,0.11,0.397,0.452,0.315,0.43,0.261,0.172,0.206,0.167,0.178,1.835,0.918,1.284,5.412,0
Positive_74,6.522,2.174,10.87,7.246,2.174,0.174,0.203,0.261,0.348,0.449,0.283,0.343,0.277,0.27,0.102,0.27,3.262,1.087,5.436,1.087,1
Negative_224,2.454,3.988,4.294,1.84,11.043,0.316,0.055,0.423,0.488,0.337,0.488,0.148,0.098,0.148,0.114,0.12,1.394,2.265,2.439,6.272,0
Positive_63,5.634,0.939,7.042,5.634,2.817,0.192,0.141,0.315,0.38,0.366,0.376,0.288,0.193,0.222,0.179,0.198,2.729,0.455,3.411,1.365,1
Positive_47,4.044,1.682,6.375,6.287,4.28,0.259,0.11,0.328,0.385,0.359,0.368,0.248,0.165,0.209,0.175,0.185,2.018,0.839,3.182,2.136,1
Negative_233,4.739,1.896,3.318,2.37,7.109,0.237,0.133,0.379,0.445,0.355,0.408,0.295,0.21,0.219,0.167,0.214,2.347,0.939,1.643,3.52,0
Negative_11,2.642,5.66,9.434,3.396,6.038,0.264,0.072,0.219,0.302,0.362,0.313,0.182,0.11,0.235,0.212,0.178,1.36,2.914,4.856,3.108,0
Negative_171,2.532,4.43,5.063,5.696,3.165,0.297,0.063,0.31,0.38,0.304,0.399,0.204,0.121,0.21,0.204,0.146,1.242,2.172,2.483,1.552,0
Positive_199,3.361,3.361,5.672,7.773,5.672,0.294,0.111,0.324,0.391,0.359,0.391,0.225,0.162,0.217,0.187,0.175,1.775,1.775,2.996,2.996,1
Negative_108,3.876,4.421,1.419,3.493,7.697,0.311,0.126,0.392,0.475,0.287,0.472,0.238,0.177,0.167,0.125,0.129,2.025,2.31,0.741,4.021,0
Negative_170,3.448,3.785,1.43,3.364,11.522,0.282,0.099,0.426,0.498,0.308,0.469,0.235,0.148,0.158,0.137,0.131,1.801,1.977,0.747,6.02,0
Negative_191,2.523,2.752,4.358,1.835,3.44,0.259,0.055,0.376,0.429,0.349,0.42,0.145,0.078,0.122,0.154,0.106,1.356,1.479,2.342,1.849,0
Negative_193,3.387,2.272,2.988,3.64,6.733,0.262,0.105,0.313,0.37,0.415,0.369,0.252,0.157,0.238,0.181,0.192,1.783,1.196,1.573,3.545,0
Negative_66,4.444,1.481,0.741,6.667,9.259,0.3,0.156,0.4,0.459,0.278,0.456,0.212,0.216,0.156,0.167,0.115,2.239,0.746,0.373,4.664,0
Negative_93,4.375,4.062,2.5,2.5,3.75,0.244,0.078,0.278,0.362,0.366,0.353,0.185,0.097,0.219,0.172,0.157,2.283,2.119,1.304,1.957,0
Negative_28,4.247,3.475,1.931,1.544,7.336,0.232,0.116,0.378,0.456,0.402,0.398,0.326,0.202,0.24,0.14,0.229,2.193,1.795,0.997,3.789,0
Negative_45,2.088,1.624,4.872,7.193,8.237,0.309,0.068,0.418,0.455,0.398,0.432,0.214,0.094,0.181,0.132,0.174,1.221,0.95,2.849,4.816,0
Positive_93,5.754,1.587,4.167,4.365,4.762,0.234,0.113,0.335,0.409,0.339,0.393,0.31,0.173,0.239,0.159,0.213,2.805,0.774,2.031,2.321,1
Positive_4,4.968,1.404,7.019,6.048,5.184,0.269,0.117,0.322,0.386,0.376,0.393,0.249,0.183,0.218,0.165,0.177,2.567,0.726,3.627,2.679,1
Negative_83,3.974,3.974,3.311,2.98,7.616,0.225,0.132,0.334,0.414,0.348,0.368,0.266,0.199,0.213,0.153,0.193,1.884,1.884,1.57,3.611,0
Negative_160,5.479,2.74,2.74,6.849,4.11,0.26,0.192,0.342,0.425,0.356,0.37,0.278,0.278,0.236,0.139,0.208,2.767,1.384,1.384,2.076,0
Negative_37,2.242,4.484,0.448,6.278,9.417,0.283,0.085,0.399,0.466,0.291,0.435,0.275,0.131,0.185,0.126,0.153,1.165,2.329,0.233,4.892,0
Negative_188,1.523,2.538,5.584,8.629,5.584,0.264,0.071,0.36,0.401,0.381,0.381,0.23,0.107,0.163,0.133,0.153,0.835,1.391,3.06,3.06,0
Positive_22,1.02,3.061,7.143,0.0,2.041,0.327,0.031,0.286,0.327,0.459,0.357,0.144,0.062,0.165,0.186,0.124,0.666,1.999,4.665,1.333,1
Negative_86,2.292,3.125,3.75,1.667,6.042,0.277,0.05,0.379,0.433,0.34,0.45,0.142,0.079,0.132,0.138,0.092,1.265,1.725,2.07,3.335,0
Positive_171,6.715,0.723,3.616,4.029,6.095,0.301,0.118,0.334,0.408,0.34,0.408,0.252,0.162,0.216,0.159,0.175,3.487,0.375,1.878,3.165,1
Negative_207,4.231,0.385,8.846,6.923,3.846,0.238,0.115,0.281,0.327,0.392,0.342,0.27,0.174,0.251,0.239,0.212,1.972,0.179,4.122,1.792,0
Positive_174,5.693,1.733,4.455,7.921,6.436,0.28,0.124,0.317,0.391,0.351,0.364,0.251,0.189,0.223,0.179,0.203,2.89,0.88,2.262,3.268,1
Positive_161,6.25,0.347,6.597,9.375,4.514,0.219,0.163,0.26,0.326,0.41,0.312,0.3,0.213,0.3,0.22,0.244,3.053,0.169,3.222,2.205,1
Positive_42,8.278,1.325,4.305,5.629,4.305,0.268,0.156,0.298,0.394,0.315,0.377,0.302,0.223,0.282,0.153,0.219,4.002,0.641,2.081,2.081,1
Negative_143,6.906,1.105,1.657,4.972,6.906,0.204,0.174,0.401,0.481,0.329,0.417,0.31,0.227,0.175,0.108,0.163,3.434,0.549,0.824,3.434,0
Negative_2,5.137,10.274,4.11,6.507,6.849,0.243,0.116,0.284,0.438,0.325,0.329,0.265,0.158,0.265,0.144,0.223,2.764,5.529,2.212,3.686,0
Negative_117,6.122,0.51,4.082,2.041,11.224,0.276,0.158,0.357,0.423,0.398,0.393,0.241,0.221,0.231,0.174,0.205,3.174,0.264,2.116,5.819,0
Negative_24,4.762,5.159,1.587,3.175,3.175,0.234,0.099,0.31,0.409,0.341,0.357,0.215,0.127,0.163,0.199,0.135,2.334,2.528,0.778,1.556,0
Negative_71,3.264,3.858,3.264,3.264,3.264,0.252,0.053,0.318,0.389,0.353,0.374,0.176,0.071,0.185,0.179,0.146,1.7,2.009,1.7,1.7,0
Negative_32,3.681,1.227,4.908,6.135,4.294,0.288,0.129,0.374,0.423,0.301,0.417,0.296,0.148,0.21,0.228,0.185,1.784,0.595,2.378,2.081,0
Positive_107,5.718,1.779,7.751,8.259,3.939,0.22,0.13,0.292,0.367,0.388,0.346,0.312,0.195,0.249,0.182,0.21,2.902,0.903,3.934,1.999,1
Negative_22,3.39,4.237,4.237,5.085,9.322,0.314,0.102,0.356,0.432,0.305,0.458,0.154,0.128,0.128,0.111,0.085,1.746,2.183,2.183,4.802,0
Negative_130,1.093,3.825,2.186,9.836,18.579,0.361,0.066,0.421,0.47,0.213,0.448,0.126,0.066,0.104,0.176,0.071,0.551,1.929,1.102,9.367,0
Negative_174,4.094,2.632,0.877,3.216,18.713,0.345,0.091,0.477,0.544,0.266,0.52,0.194,0.141,0.132,0.12,0.109,2.253,1.448,0.483,10.296,0
Negative_221,4.874,2.166,2.527,3.069,11.191,0.332,0.121,0.412,0.482,0.343,0.442,0.201,0.193,0.17,0.121,0.152,2.659,1.182,1.379,6.105,0
Negative_182,6.205,0.716,1.671,5.489,9.547,0.286,0.153,0.387,0.456,0.337,0.411,0.292,0.222,0.199,0.122,0.187,3.09,0.357,0.832,4.755,0
Positive_116,7.39,0.943,5.189,2.673,4.717,0.244,0.115,0.297,0.381,0.362,0.371,0.255,0.176,0.239,0.213,0.2,3.707,0.473,2.603,2.366,1
Positive_64,4.553,1.138,6.179,3.577,7.48,0.218,0.115,0.335,0.392,0.413,0.38,0.316,0.171,0.238,0.181,0.212,2.3,0.575,3.121,3.778,1
Positive_149,4.975,1.741,6.219,6.716,4.478,0.276,0.112,0.331,0.398,0.336,0.408,0.242,0.18,0.232,0.17,0.17,2.559,0.896,3.199,2.303,1
Positive_80,6.818,0.455,5.909,8.636,5.455,0.227,0.15,0.259,0.332,0.386,0.309,0.274,0.192,0.256,0.288,0.215,3.297,0.22,2.858,2.638,1
Positive_66,4.783,2.826,3.913,5.217,7.826,0.257,0.124,0.354,0.43,0.341,0.385,0.272,0.187,0.231,0.131,0.207,2.446,1.445,2.001,4.002,1
Negative_103,4.441,2.826,2.826,1.884,6.595,0.245,0.114,0.32,0.393,0.355,0.377,0.253,0.155,0.222,0.156,0.182,2.157,1.373,1.373,3.204,0
Positive_142,3.268,0.654,5.556,9.477,2.941,0.183,0.147,0.268,0.307,0.379,0.304,0.328,0.193,0.292,0.233,0.262,1.487,0.298,2.528,1.338,1
Positive_97,5.785,1.653,1.653,8.678,2.479,0.182,0.14,0.281,0.355,0.368,0.322,0.336,0.199,0.266,0.187,0.241,2.74,0.783,0.783,1.174,1
Positive_190,9.901,1.98,5.941,11.881,2.97,0.277,0.158,0.287,0.406,0.277,0.347,0.18,0.18,0.2,0.18,0.15,5.056,1.011,3.034,1.517,1
Positive_3,4.211,2.737,5.895,3.789,4.421,0.255,0.059,0.297,0.366,0.328,0.394,0.236,0.099,0.194,0.175,0.154,2.156,1.401,3.018,2.263,1
Negative_21,2.878,4.317,3.597,7.914,7.914,0.302,0.094,0.367,0.439,0.309,0.396,0.225,0.145,0.159,0.152,0.152,1.452,2.178,1.815,3.992,0
Negative_99,1.908,3.817,7.634,5.725,5.344,0.328,0.065,0.271,0.328,0.397,0.34,0.195,0.096,0.241,0.241,0.211,1.066,2.132,4.265,2.985,0
Negative_50,0.87,2.609,7.826,3.478,8.696,0.243,0.165,0.374,0.409,0.435,0.409,0.325,0.281,0.263,0.149,0.237,0.447,1.341,4.024,4.471,0
Negative_6,5.442,0.907,4.989,6.122,5.669,0.254,0.107,0.32,0.383,0.351,0.379,0.273,0.177,0.239,0.195,0.202,2.702,0.45,2.477,2.815,0
Negative_215,3.328,0.832,2.496,5.324,12.812,0.366,0.108,0.484,0.526,0.301,0.511,0.183,0.153,0.11,0.107,0.092,1.828,0.457,1.371,7.038,0
Positive_145,6.87,1.272,3.817,4.835,3.817,0.224,0.112,0.321,0.402,0.359,0.372,0.316,0.173,0.235,0.168,0.204,3.402,0.63,1.89,1.89,1
Negative_41,3.901,1.064,3.546,1.064,17.376,0.348,0.078,0.486,0.535,0.273,0.518,0.16,0.117,0.093,0.096,0.078,2.069,0.564,1.881,9.218,0
Negative_220,4.688,1.562,4.167,4.948,10.677,0.32,0.156,0.37,0.432,0.393,0.406,0.269,0.235,0.23,0.12,0.211,2.64,0.88,2.347,6.013,0
Negative_7,6.0,5.333,5.333,6.333,5.0,0.243,0.117,0.267,0.38,0.37,0.307,0.271,0.161,0.278,0.171,0.237,3.005,2.671,2.671,2.504,0
Negative_60,4.787,3.234,4.269,5.692,5.821,0.272,0.115,0.308,0.388,0.396,0.356,0.268,0.185,0.263,0.162,0.224,2.527,1.707,2.253,3.072,0
Negative_35,3.39,1.695,5.811,2.179,10.896,0.303,0.09,0.448,0.499,0.291,0.499,0.189,0.126,0.143,0.148,0.112,1.815,0.907,3.111,5.833,0
Positive_53,4.831,2.899,3.382,7.729,5.314,0.271,0.077,0.391,0.469,0.285,0.43,0.301,0.136,0.189,0.146,0.165,2.466,1.48,1.726,2.713,1
Negative_80,6.452,2.384,2.805,4.208,8.275,0.297,0.163,0.363,0.452,0.355,0.405,0.263,0.237,0.221,0.14,0.194,3.391,1.253,1.474,4.349,0
Positive_65,7.348,0.319,5.272,2.875,7.188,0.265,0.117,0.399,0.476,0.35,0.439,0.274,0.197,0.187,0.136,0.157,3.861,0.168,2.77,3.777,1
Positive_91,7.591,4.95,3.96,6.601,5.941,0.218,0.188,0.244,0.37,0.393,0.307,0.278,0.272,0.278,0.192,0.228,3.988,2.601,2.081,3.121,1
Positive_191,5.946,1.081,5.405,6.486,4.054,0.208,0.124,0.311,0.381,0.381,0.349,0.314,0.179,0.244,0.192,0.222,2.882,0.524,2.619,1.965,1
Positive_164,9.288,0.929,7.43,8.05,1.858,0.232,0.161,0.294,0.396,0.347,0.353,0.298,0.211,0.248,0.193,0.202,4.479,0.448,3.583,0.896,1
Positive_68,3.846,2.198,5.495,7.143,5.22,0.239,0.104,0.365,0.426,0.36,0.426,0.253,0.146,0.174,0.14,0.138,1.99,1.137,2.843,2.701,1
Negative_102,4.304,3.038,4.304,8.861,8.608,0.276,0.114,0.367,0.441,0.344,0.403,0.244,0.173,0.16,0.129,0.142,2.251,1.589,2.251,4.502,0
Negative_8,7.362,1.104,3.313,6.503,4.663,0.277,0.153,0.337,0.422,0.314,0.404,0.227,0.198,0.208,0.163,0.154,3.763,0.564,1.693,2.383,0
Positive_16,5.195,1.299,3.896,9.091,4.545,0.247,0.11,0.279,0.344,0.286,0.331,0.294,0.157,0.288,0.242,0.248,2.386,0.597,1.789,2.087,1
Positive_215,6.654,2.153,5.479,4.501,4.501,0.235,0.104,0.305,0.393,0.329,0.368,0.302,0.167,0.267,0.19,0.22,3.24,1.048,2.668,2.192,1
Positive_113,5.067,1.333,4.533,8.8,4.533,0.211,0.152,0.267,0.331,0.387,0.339,0.332,0.209,0.289,0.211,0.241,2.489,0.655,2.227,2.227,1
Negative_81,2.042,0.53,5.976,6.051,9.002,0.385,0.071,0.44,0.466,0.382,0.469,0.179,0.104,0.146,0.12,0.133,1.218,0.316,3.565,5.37,0
Negative_23,6.579,2.105,5.0,2.105,5.0,0.313,0.118,0.35,0.437,0.353,0.418,0.248,0.198,0.206,0.156,0.161,3.496,1.118,2.657,2.657,0
Positive_157,3.59,2.051,2.564,6.154,9.744,0.246,0.108,0.359,0.415,0.318,0.395,0.306,0.162,0.216,0.136,0.19,1.706,0.975,1.219,4.631,1
Positive_123,4.058,6.667,4.638,8.696,9.275,0.31,0.099,0.359,0.467,0.272,0.417,0.247,0.14,0.203,0.148,0.169,2.145,3.524,2.451,4.902,1
Positive_40,4.762,1.587,5.291,8.466,4.762,0.196,0.127,0.36,0.423,0.381,0.392,0.255,0.17,0.176,0.117,0.165,2.465,0.821,2.738,2.465,1
Positive_115,7.933,0.418,2.296,1.67,6.889,0.263,0.125,0.407,0.491,0.271,0.484,0.278,0.209,0.199,0.14,0.157,3.808,0.201,1.102,3.307,1
Positive_139,5.525,2.21,11.05,7.182,4.42,0.221,0.099,0.188,0.265,0.503,0.249,0.317,0.161,0.356,0.261,0.311,3.051,1.221,6.103,2.441,1
Positive_216,4.292,0.858,3.648,5.579,4.721,0.277,0.094,0.337,0.388,0.358,0.408,0.234,0.146,0.2,0.168,0.163,2.205,0.441,1.874,2.425,1
Positive_27,6.897,2.299,5.747,8.046,8.046,0.241,0.08,0.299,0.391,0.287,0.356,0.174,0.128,0.221,0.186,0.163,3.295,1.098,2.746,3.844,1
Negative_225,4.95,0.99,0.99,2.97,9.901,0.238,0.149,0.356,0.416,0.347,0.406,0.19,0.17,0.12,0.12,0.11,2.44,0.488,0.488,4.881,0
Positive_73,5.944,2.448,5.175,5.594,4.545,0.246,0.12,0.291,0.375,0.39,0.351,0.281,0.176,0.265,0.177,0.219,3.051,1.256,2.656,2.333,1
Negative_76,2.602,2.23,6.32,8.178,7.435,0.323,0.078,0.454,0.502,0.249,0.52,0.187,0.116,0.157,0.146,0.104,1.378,1.181,3.346,3.936,0
Positive_41,6.905,0.512,5.371,5.882,6.138,0.297,0.125,0.271,0.345,0.345,0.371,0.267,0.213,0.308,0.205,0.221,3.439,0.255,2.675,3.057,1
Negative_116,1.527,2.29,0.763,2.545,12.977,0.318,0.061,0.481,0.519,0.267,0.506,0.186,0.099,0.105,0.094,0.094,0.78,1.17,0.39,6.628,0
Negative_186,2.301,0.92,1.38,2.914,19.632,0.374,0.066,0.578,0.61,0.222,0.604,0.183,0.112,0.098,0.083,0.086,1.27,0.508,0.762,10.837,0
Positive_85,4.285,1.382,7.049,8.708,5.46,0.227,0.117,0.301,0.358,0.393,0.347,0.305,0.17,0.258,0.202,0.227,2.139,0.69,3.519,2.726,1
Negative_16,5.351,2.007,1.171,1.672,5.351,0.199,0.162,0.363,0.436,0.365,0.398,0.343,0.229,0.228,0.139,0.206,2.591,0.972,0.567,2.591,0
Negative_180,4.372,0.564,3.949,1.834,10.719,0.464,0.109,0.592,0.642,0.233,0.622,0.144,0.194,0.075,0.052,0.068,2.615,0.337,2.362,6.41,0
Negative_109,5.55,2.422,2.825,5.752,8.577,0.284,0.111,0.35,0.43,0.329,0.411,0.247,0.159,0.207,0.177,0.167,2.881,1.257,1.466,4.452,0
Positive_2,2.778,0.926,0.0,8.333,10.185,0.352,0.083,0.407,0.444,0.296,0.463,0.262,0.15,0.178,0.103,0.159,1.52,0.507,0.0,5.572,1
Negative_51,3.333,3.333,1.905,1.429,12.381,0.381,0.1,0.49,0.557,0.29,0.538,0.158,0.163,0.115,0.077,0.081,1.876,1.876,1.072,6.968,0
Negative_189,3.89,0.915,0.915,1.144,7.78,0.213,0.096,0.378,0.426,0.325,0.421,0.294,0.154,0.211,0.135,0.17,1.783,0.419,0.419,3.566,0
Negative_142,2.948,1.966,4.177,2.58,9.459,0.283,0.09,0.423,0.472,0.356,0.463,0.246,0.144,0.175,0.135,0.143,1.554,1.036,2.201,4.985,0
Negative_100,4.762,1.905,1.905,5.238,6.19,0.29,0.124,0.367,0.433,0.314,0.443,0.23,0.177,0.201,0.124,0.144,2.327,0.931,0.931,3.024,0
Negative_179,2.069,3.448,3.448,0.69,6.207,0.366,0.069,0.455,0.51,0.31,0.51,0.188,0.104,0.132,0.139,0.118,1.119,1.865,1.865,3.357,0
Negative_110,3.846,2.35,1.923,3.205,10.043,0.34,0.081,0.483,0.545,0.265,0.515,0.227,0.137,0.191,0.111,0.165,2.075,1.268,1.038,5.42,0
Positive_148,6.301,1.644,6.301,5.616,5.342,0.256,0.136,0.332,0.411,0.327,0.407,0.28,0.221,0.244,0.167,0.192,3.073,0.802,3.073,2.605,1
Negative_68,1.734,3.468,1.734,2.312,7.514,0.249,0.029,0.358,0.41,0.341,0.439,0.169,0.052,0.163,0.192,0.122,0.925,1.85,0.925,4.008,0
Negative_153,5.085,2.034,2.712,4.237,13.559,0.308,0.129,0.436,0.507,0.286,0.463,0.256,0.183,0.156,0.132,0.144,2.58,1.032,1.376,6.88,0
Negative_114,4.317,1.439,2.878,10.072,7.914,0.338,0.137,0.388,0.446,0.288,0.453,0.152,0.159,0.116,0.181,0.087,2.263,0.754,1.509,4.148,0
Negative_115,4.67,3.022,2.747,10.44,7.418,0.321,0.159,0.374,0.451,0.297,0.42,0.24,0.171,0.198,0.14,0.163,2.49,1.611,1.465,3.955,0
Positive_204,4.605,1.702,6.707,4.404,7.007,0.292,0.11,0.342,0.405,0.381,0.396,0.237,0.167,0.206,0.16,0.18,2.433,0.899,3.543,3.701,1
Positive_67,8.456,0.0,4.412,8.824,3.309,0.213,0.169,0.312,0.397,0.357,0.357,0.299,0.225,0.232,0.192,0.196,4.186,0.0,2.184,1.638,1
Negative_128,4.377,1.785,4.207,4.972,7.31,0.314,0.11,0.365,0.427,0.362,0.411,0.233,0.169,0.195,0.153,0.168,2.319,0.946,2.229,3.874,0
Positive_37,5.051,2.189,5.556,7.071,3.872,0.246,0.116,0.303,0.375,0.355,0.359,0.283,0.182,0.25,0.189,0.216,2.548,1.104,2.803,1.953,1
Positive_179,7.692,0.308,4.308,5.231,3.077,0.258,0.157,0.289,0.369,0.366,0.357,0.269,0.204,0.235,0.191,0.194,3.786,0.152,2.12,1.514,1
Negative_46,2.326,0.581,6.977,4.07,5.233,0.326,0.099,0.337,0.366,0.407,0.395,0.222,0.181,0.205,0.175,0.187,1.188,0.297,3.563,2.672,0
Negative_47,5.289,6.446,1.488,6.777,10.579,0.253,0.111,0.385,0.502,0.253,0.412,0.222,0.146,0.172,0.121,0.164,2.641,3.218,0.743,5.282,0
Negative_158,0.0,1.266,3.797,1.266,39.241,0.494,0.013,0.646,0.658,0.165,0.684,0.064,0.026,0.026,0.077,0.026,0.0,0.736,2.207,22.806,0
Positive_189,4.362,2.696,4.837,4.203,3.807,0.229,0.103,0.32,0.391,0.372,0.374,0.245,0.147,0.217,0.177,0.183,2.297,1.42,2.548,2.005,1
Negative_84,4.409,1.804,2.004,7.214,6.413,0.242,0.112,0.299,0.361,0.367,0.349,0.321,0.163,0.273,0.207,0.241,2.13,0.872,0.968,3.098,0
Positive_151,4.054,0.45,3.153,2.252,6.757,0.257,0.113,0.351,0.396,0.369,0.396,0.317,0.176,0.208,0.186,0.176,1.945,0.216,1.512,3.241,1
Positive_154,5.609,2.244,3.365,6.25,5.288,0.234,0.133,0.282,0.361,0.364,0.349,0.276,0.199,0.254,0.213,0.205,2.776,1.111,1.666,2.617,1
Negative_42,5.477,3.043,2.028,4.462,5.68,0.286,0.099,0.298,0.383,0.398,0.363,0.27,0.152,0.24,0.203,0.205,2.969,1.649,1.099,3.079,0
Negative_204,1.121,13.004,0.897,0.448,13.004,0.388,0.047,0.419,0.561,0.202,0.516,0.196,0.092,0.202,0.094,0.137,0.625,7.255,0.5,7.255,0
Positive_126,5.036,1.439,3.597,10.072,2.158,0.209,0.072,0.388,0.453,0.317,0.424,0.246,0.123,0.13,0.145,0.116,2.697,0.771,1.926,1.156,1
Negative_213,3.191,2.128,2.128,8.511,9.043,0.367,0.074,0.457,0.511,0.223,0.521,0.214,0.107,0.166,0.086,0.128,1.698,1.132,1.132,4.812,0
Negative_4,3.259,3.556,2.37,5.63,7.704,0.286,0.09,0.394,0.462,0.298,0.447,0.245,0.147,0.178,0.144,0.153,1.639,1.789,1.192,3.875,0
Positive_29,4.967,1.821,5.96,5.464,5.795,0.243,0.104,0.32,0.387,0.363,0.386,0.24,0.139,0.209,0.182,0.164,2.512,0.921,3.014,2.93,1
Negative_144,4.418,3.079,3.213,5.489,3.748,0.3,0.086,0.351,0.426,0.336,0.404,0.235,0.126,0.205,0.172,0.173,2.265,1.579,1.648,1.922,0
Positive_14,2.609,0.87,7.826,2.609,6.957,0.278,0.07,0.278,0.313,0.452,0.304,0.184,0.123,0.202,0.184,0.184,1.555,0.519,4.665,4.147,1
Positive_34,6.395,4.651,2.907,9.302,8.14,0.238,0.157,0.262,0.372,0.32,0.326,0.339,0.222,0.31,0.14,0.275,3.102,2.256,1.41,3.949,1
Positive_185,5.581,2.791,3.256,5.581,6.047,0.256,0.13,0.274,0.358,0.386,0.321,0.271,0.154,0.252,0.206,0.22,2.935,1.468,1.712,3.18,1
Negative_0,1.153,0.0,6.628,2.594,5.764,0.251,0.058,0.383,0.395,0.473,0.412,0.324,0.078,0.188,0.107,0.168,0.683,0.0,3.927,3.415,0
Negative_140,3.226,0.645,4.194,1.613,10.323,0.461,0.094,0.532,0.571,0.306,0.581,0.11,0.142,0.107,0.104,0.084,2.033,0.406,2.643,6.505,0
Negative_154,2.907,2.326,2.907,4.07,9.884,0.372,0.07,0.384,0.436,0.337,0.471,0.164,0.111,0.158,0.146,0.123,1.652,1.322,1.652,5.617,0
Negative_150,5.734,2.064,4.014,3.899,11.124,0.339,0.109,0.359,0.437,0.366,0.401,0.231,0.165,0.217,0.168,0.189,3.145,1.132,2.201,6.101,0
Positive_79,6.028,0.309,4.173,1.236,7.419,0.3,0.094,0.457,0.521,0.292,0.507,0.249,0.161,0.155,0.091,0.125,3.071,0.157,2.126,3.78,1
Negative_205,4.207,4.045,1.942,6.472,12.945,0.317,0.108,0.409,0.492,0.236,0.476,0.25,0.16,0.147,0.146,0.125,2.096,2.015,0.967,6.449,0
Positive_169,3.846,0.549,5.495,2.198,7.143,0.28,0.093,0.473,0.516,0.33,0.505,0.166,0.144,0.127,0.072,0.11,2.1,0.3,3.0,3.899,1
Negative_61,4.4,3.6,4.4,7.6,4.4,0.32,0.12,0.312,0.392,0.328,0.384,0.253,0.185,0.253,0.189,0.209,2.338,1.913,2.338,2.338,0
Positive_32,1.724,0.575,6.897,1.149,2.299,0.224,0.075,0.316,0.339,0.437,0.379,0.133,0.116,0.121,0.197,0.087,0.943,0.314,3.772,1.257,1
Negative_79,2.609,0.87,3.768,4.058,13.237,0.425,0.058,0.512,0.547,0.257,0.544,0.147,0.096,0.108,0.088,0.094,1.487,0.496,2.147,7.542,0
Negative_123,4.314,3.54,1.659,4.867,10.509,0.291,0.114,0.413,0.491,0.277,0.467,0.225,0.14,0.161,0.11,0.13,2.238,1.836,0.861,5.451,0
Positive_172,6.019,1.157,4.861,6.944,3.935,0.243,0.157,0.262,0.333,0.377,0.326,0.274,0.213,0.262,0.195,0.211,2.914,0.56,2.353,1.905,1
Negative_118,5.0,0.417,1.667,3.125,13.125,0.352,0.102,0.506,0.56,0.273,0.525,0.234,0.163,0.119,0.096,0.111,2.698,0.225,0.899,7.081,0
Negative_3,5.603,1.94,2.371,3.879,6.897,0.241,0.134,0.338,0.414,0.366,0.397,0.305,0.199,0.24,0.156,0.199,2.78,0.963,1.177,3.423,0
Positive_70,6.021,3.141,4.974,6.937,5.366,0.266,0.123,0.313,0.404,0.349,0.38,0.256,0.177,0.227,0.173,0.178,3.047,1.59,2.517,2.716,1
Positive_187,3.333,6.667,1.667,13.333,8.333,0.367,0.05,0.317,0.417,0.217,0.45,0.169,0.085,0.186,0.051,0.136,1.803,3.606,0.902,4.507,1
Negative_77,2.353,3.137,2.353,5.49,7.451,0.318,0.043,0.439,0.494,0.278,0.475,0.209,0.059,0.138,0.13,0.126,1.267,1.69,1.267,4.013,0
Negative_177,4.724,1.181,1.181,5.118,9.843,0.335,0.122,0.425,0.484,0.264,0.48,0.182,0.186,0.158,0.146,0.123,2.484,0.621,0.621,5.175,0
Positive_94,6.243,1.503,5.665,6.474,4.624,0.22,0.133,0.264,0.341,0.38,0.329,0.307,0.197,0.299,0.216,0.242,3.053,0.735,2.771,2.262,1
Positive_119,7.327,0.0,3.366,4.95,1.98,0.244,0.115,0.372,0.446,0.305,0.428,0.284,0.188,0.218,0.169,0.183,3.686,0.0,1.693,0.996,1
Negative_216,1.299,9.091,0.0,12.987,7.792,0.299,0.091,0.364,0.468,0.169,0.468,0.289,0.132,0.171,0.132,0.158,0.648,4.538,0.0,3.89,0
Positive_147,3.313,0.602,3.012,3.313,4.819,0.148,0.133,0.349,0.389,0.401,0.38,0.353,0.202,0.239,0.169,0.211,1.561,0.284,1.42,2.271,1
Positive_44,4.946,2.878,3.867,3.777,6.655,0.263,0.123,0.33,0.408,0.368,0.379,0.241,0.173,0.205,0.158,0.173,2.577,1.5,2.015,3.467,1
Negative_82,7.207,0.0,4.505,2.703,9.91,0.234,0.225,0.36,0.432,0.441,0.36,0.3,0.336,0.173,0.118,0.173,3.932,0.0,2.458,5.407,0
Positive_82,5.09,0.299,3.593,6.287,8.383,0.257,0.102,0.35,0.404,0.326,0.41,0.261,0.15,0.219,0.168,0.186,2.503,0.147,1.767,4.123,1
Negative_49,1.852,3.704,1.852,11.111,7.407,0.185,0.074,0.333,0.389,0.333,0.333,0.472,0.132,0.302,0.17,0.302,0.9,1.801,0.9,3.601,0
Positive_134,7.519,0.0,3.509,2.757,5.514,0.271,0.135,0.316,0.391,0.316,0.409,0.291,0.216,0.271,0.176,0.193,3.62,0.0,1.689,2.655,1
Negative_39,4.274,2.137,3.632,2.137,5.128,0.28,0.096,0.408,0.472,0.361,0.442,0.263,0.141,0.182,0.109,0.167,2.284,1.142,1.941,2.741,0
Positive_178,4.455,1.485,1.98,2.475,4.95,0.228,0.089,0.356,0.416,0.356,0.411,0.269,0.149,0.194,0.159,0.144,2.222,0.741,0.987,2.469,1
Negative_148,5.814,2.326,3.488,5.814,4.651,0.326,0.14,0.267,0.349,0.326,0.384,0.247,0.212,0.282,0.188,0.212,2.935,1.174,1.761,2.348,0
Negative_113,5.148,3.346,4.376,8.237,6.435,0.283,0.113,0.324,0.409,0.35,0.372,0.244,0.183,0.215,0.187,0.183,2.676,1.74,2.275,3.345,0
Negative_234,0.847,19.492,0.0,5.085,13.559,0.441,0.008,0.542,0.746,0.102,0.602,0.094,0.017,0.085,0.009,0.085,0.593,13.654,0.0,9.498,0
Positive_193,5.882,1.681,4.202,6.723,4.202,0.294,0.134,0.277,0.353,0.37,0.361,0.288,0.195,0.271,0.195,0.246,3.026,0.865,2.162,2.162,1
