A,R,N,D,C,E,Q,G,H,I,L,K,M,F,P,S,T,W,Y,V,id,label
8.399,6.824,1.837,6.299,1.312,9.974,3.937,7.612,1.837,1.575,7.874,4.462,1.837,1.837,13.911,8.399,4.462,1.312,0.0,6.299,Negative_126,0
3.958,6.25,2.708,6.458,2.083,7.083,5.417,5.0,3.125,4.792,14.167,7.917,3.125,3.333,3.333,8.125,2.5,0.625,3.542,6.458,Negative_5,0
8.571,10.204,4.082,2.857,7.755,7.755,4.49,6.531,3.673,2.041,10.204,5.714,0.816,2.041,6.531,4.49,3.673,1.224,0.816,6.531,Negative_195,0
5.263,5.263,3.289,5.263,1.974,8.553,3.289,9.868,2.632,6.579,7.237,6.579,3.289,5.263,3.947,4.605,3.289,1.974,2.632,9.211,Positive_155,1
4.255,1.064,12.234,1.596,1.064,10.638,3.191,4.255,1.596,9.043,9.043,12.234,1.596,4.787,0.532,4.787,5.851,1.596,6.915,3.723,Positive_49,1
6.883,5.163,3.059,4.971,3.633,7.266,7.457,5.163,2.677,6.119,7.648,6.119,2.294,4.589,4.971,9.178,4.971,0.574,3.059,4.207,Positive_221,1
8.85,6.195,1.327,4.204,3.097,4.646,7.08,5.973,2.876,1.77,13.053,3.319,1.77,1.549,9.956,7.743,5.531,1.991,1.549,7.522,Negative_119,0
8.745,5.323,3.042,5.323,0.76,4.563,6.844,11.407,0.76,4.183,5.703,5.323,1.141,4.563,9.506,6.844,5.703,2.281,1.901,6.084,Negative_73,0
13.973,3.03,2.694,6.397,1.347,6.902,2.189,11.279,2.02,6.902,6.397,6.734,2.357,2.02,5.387,3.03,4.545,0.505,2.189,10.101,Positive_135,1
7.74,4.334,5.263,7.121,0.619,7.585,4.025,8.204,1.084,6.811,6.811,8.359,2.012,3.715,3.87,5.418,7.276,0.31,2.322,7.121,Positive_192,1
0.0,6.25,1.562,3.125,0.0,8.594,3.906,4.688,4.688,5.469,7.812,10.938,4.688,4.688,10.156,3.906,3.906,3.125,4.688,7.812,Positive_35,1
6.005,6.005,2.771,6.236,2.309,7.159,4.619,7.852,2.309,5.774,9.007,7.39,3.002,3.233,6.467,5.543,4.388,0.693,3.464,5.774,Negative_9,0
9.137,3.452,6.497,5.381,0.406,3.756,5.178,7.513,1.015,4.67,8.223,3.553,1.929,4.264,4.365,8.934,9.34,1.421,3.35,7.614,Positive_167,1
13.242,4.566,0.457,1.37,2.74,2.74,4.566,12.329,3.196,3.196,17.808,0.457,2.74,0.913,4.11,10.959,4.566,1.37,0.457,8.219,Negative_187,0
6.942,3.471,2.645,4.959,1.157,12.893,5.124,8.926,2.479,2.81,12.066,2.314,1.818,1.818,8.264,9.917,5.124,1.157,0.992,5.124,Negative_14,0
12.95,4.676,3.597,7.194,0.0,5.755,2.158,8.273,2.518,3.957,8.993,2.158,0.719,6.475,4.676,5.396,7.914,1.439,4.676,6.475,Positive_158,1
7.143,5.357,0.893,5.357,12.5,3.571,5.357,7.143,3.571,3.571,9.821,0.893,3.571,2.679,6.25,6.25,8.036,1.786,3.571,2.679,Negative_176,0
13.253,2.41,2.41,2.41,6.024,3.614,3.614,0.0,2.41,2.41,16.867,9.639,2.41,3.614,4.819,8.434,2.41,2.41,1.205,9.639,Negative_137,0
30.723,0.602,1.807,1.807,0.904,15.964,2.711,10.241,0.301,0.0,0.602,8.434,0.301,1.807,10.542,9.639,1.807,0.0,0.0,1.807,Negative_67,0
6.585,8.293,1.951,3.415,1.951,5.854,5.366,5.122,2.195,1.707,14.146,2.439,1.463,5.122,8.537,8.293,6.098,1.463,0.976,9.024,Negative_19,0
5.215,9.202,0.307,3.988,3.374,5.521,3.374,5.521,3.067,3.374,19.018,3.067,3.988,1.227,6.135,7.362,5.215,2.454,1.84,6.748,Negative_33,0
8.159,4.393,5.23,7.741,0.628,6.067,2.51,7.113,2.929,5.858,7.741,4.812,2.092,5.649,6.695,6.695,5.021,1.046,5.021,4.603,Positive_105,1
11.95,3.774,1.887,0.629,3.145,3.145,2.516,10.063,1.887,3.774,11.321,2.516,3.774,6.918,6.918,9.434,5.031,3.145,1.887,6.289,Negative_146,0
3.954,2.89,9.202,6.692,0.76,5.323,3.27,4.791,1.065,10.19,8.669,8.137,1.901,4.259,4.03,7.529,5.551,0.989,6.008,4.791,Positive_54,1
3.955,6.215,3.107,3.955,3.39,7.627,3.39,4.52,1.977,3.672,10.734,7.345,2.542,3.39,8.192,11.299,3.107,2.26,2.542,6.78,Negative_12,0
6.651,7.11,4.587,5.275,0.917,5.046,3.67,6.651,2.523,4.817,9.862,4.587,2.982,4.587,6.193,8.716,3.67,0.688,5.046,6.422,Positive_198,1
10.092,4.587,6.422,6.422,2.752,4.587,0.917,4.587,0.917,10.092,7.339,3.67,2.752,3.67,6.422,9.174,3.67,1.835,4.587,5.505,Negative_105,0
8.995,9.524,1.587,3.704,0.0,7.407,1.058,6.878,3.175,6.878,9.524,5.291,2.116,5.291,6.349,4.233,4.233,1.587,5.291,6.878,Positive_18,1
10.989,0.0,1.099,4.396,7.692,6.593,1.099,12.088,6.593,3.297,4.396,20.879,3.297,4.396,4.396,2.198,1.099,0.0,0.0,5.495,Positive_127,1
7.749,9.225,2.399,4.982,1.845,6.089,4.982,8.487,2.583,0.923,14.207,2.214,0.554,0.554,12.546,9.041,3.137,1.661,1.292,5.535,Negative_92,0
15.344,9.524,1.058,6.878,0.0,6.349,1.587,5.82,2.646,6.349,9.524,0.529,2.646,1.587,6.878,5.82,5.82,1.058,3.704,6.878,Positive_206,1
6.49,6.25,3.365,3.846,5.769,8.173,4.327,5.769,3.846,3.846,5.529,6.25,2.885,4.327,6.25,9.856,3.606,0.721,3.606,5.288,Negative_190,0
9.513,13.053,0.664,1.991,7.965,5.088,3.761,8.407,7.965,0.885,7.301,4.425,0.221,4.425,5.752,8.407,5.752,0.0,1.106,3.319,Negative_155,0
2.719,7.553,4.23,2.115,6.949,8.761,4.834,6.647,7.251,3.323,4.23,12.387,0.906,2.719,2.417,8.459,7.251,0.0,3.625,3.625,Negative_149,0
7.508,3.904,5.706,4.505,2.402,8.709,3.904,9.61,2.102,2.703,5.405,6.306,4.505,4.805,3.604,6.907,4.204,2.703,4.805,5.706,Positive_89,1
8.85,5.973,2.655,4.204,1.327,8.407,1.991,9.071,3.319,5.088,11.947,6.637,2.655,2.434,5.31,2.655,6.637,0.442,2.212,8.186,Positive_220,1
8.039,1.608,5.788,4.18,0.965,7.717,3.537,8.682,1.608,8.039,10.289,7.074,2.894,6.431,5.466,5.145,5.145,0.0,3.537,3.859,Positive_84,1
8.349,5.123,7.4,4.554,0.569,4.554,4.364,10.626,1.139,6.262,5.313,3.036,1.708,2.657,4.554,8.349,10.626,0.949,3.416,6.452,Positive_168,1
4.762,4.762,3.571,5.952,1.19,3.571,3.571,4.762,1.19,3.571,8.333,4.762,1.19,4.762,4.762,22.619,3.571,2.381,2.381,8.333,Negative_131,0
5.882,5.042,4.762,5.882,1.961,6.723,7.283,5.322,3.361,2.801,8.683,7.563,1.401,3.361,6.162,9.804,7.563,2.521,0.84,3.081,Negative_31,0
2.5,5.0,6.875,16.875,3.125,8.125,1.875,4.375,1.875,2.5,6.875,7.5,3.75,5.625,3.125,9.375,1.875,3.125,1.25,4.375,Positive_99,1
8.721,9.884,2.907,6.977,2.907,8.14,10.465,1.163,1.163,5.233,3.488,7.558,4.651,1.744,5.233,2.326,2.907,1.163,7.558,5.814,Positive_20,1
12.861,5.774,2.887,2.887,0.262,10.236,4.199,8.399,2.1,7.349,8.924,5.512,2.625,3.412,4.462,2.362,3.937,1.05,3.675,7.087,Positive_136,1
8.597,5.882,3.846,5.656,0.0,7.692,3.846,7.692,3.62,6.787,7.014,4.751,1.131,7.014,4.751,7.24,6.109,1.131,2.262,4.977,Positive_141,1
11.671,2.918,3.714,1.857,1.326,3.448,3.448,0.796,3.183,2.387,5.305,3.714,0.796,2.387,20.159,12.467,16.446,0.0,0.796,3.183,Negative_157,0
5.556,4.701,3.419,3.846,4.701,7.265,5.128,4.274,1.282,2.564,9.402,11.966,1.709,3.846,3.419,8.974,8.974,1.282,0.855,6.838,Negative_36,0
8.883,8.596,2.865,5.444,2.865,7.736,3.725,7.45,3.438,1.146,12.321,4.871,2.292,2.292,9.456,5.731,5.444,1.433,0.86,3.152,Negative_98,0
8.481,3.534,3.71,6.36,2.297,9.187,3.004,10.777,2.12,2.473,9.717,3.004,1.237,3.18,9.717,7.951,5.83,1.237,1.767,4.417,Negative_15,0
8.385,6.412,2.096,4.316,2.466,8.261,5.425,7.891,2.713,2.096,11.097,4.809,1.233,2.589,7.768,10.604,4.686,0.247,1.233,5.672,Negative_10,0
3.75,7.5,7.5,5.0,1.25,3.75,6.25,8.75,0.0,6.25,10.0,7.5,3.75,2.5,2.5,5.0,3.75,0.0,6.25,8.75,Positive_213,1
4.717,9.434,0.943,4.717,3.774,9.434,4.717,8.491,3.774,8.491,5.66,10.377,2.83,3.774,6.604,0.943,4.717,1.887,3.774,0.943,Positive_7,1
6.569,6.326,3.65,3.65,4.38,9.489,3.163,5.353,0.973,0.973,13.625,3.893,2.19,4.38,7.056,9.002,4.866,0.973,2.676,6.813,Negative_69,0
3.469,5.51,6.122,5.102,2.857,5.306,3.061,5.51,2.449,6.531,9.796,6.735,2.449,6.939,5.918,5.714,6.327,0.612,2.245,7.347,Positive_125,1
13.793,9.579,1.149,1.916,0.0,11.877,6.513,8.812,1.916,0.383,11.877,3.065,1.149,0.766,9.962,6.897,3.831,0.0,0.0,6.513,Negative_136,0
6.884,6.975,3.08,4.529,1.63,9.239,3.623,6.884,1.902,3.804,10.326,4.801,1.54,3.08,9.601,9.873,5.072,1.721,1.178,4.257,Positive_210,1
5.085,6.78,1.695,5.085,2.119,6.78,5.932,4.661,3.39,2.119,12.712,11.441,2.542,2.966,6.78,9.322,4.237,1.695,2.119,2.542,Negative_43,0
9.479,10.9,4.265,8.531,3.791,4.265,2.844,5.687,1.896,3.791,9.953,6.161,1.896,3.318,5.687,6.161,3.318,0.474,2.37,5.213,Positive_100,1
7.52,6.445,4.59,6.25,1.562,6.055,5.664,6.934,3.32,3.809,9.375,1.953,2.344,3.711,6.055,5.859,5.469,3.809,3.027,6.25,Positive_56,1
6.972,8.807,2.202,4.954,4.771,9.174,3.119,10.459,7.339,1.835,6.789,4.587,2.202,4.037,6.055,8.073,3.67,0.55,1.101,3.303,Negative_54,0
8.502,5.938,0.81,2.969,1.484,7.018,6.208,9.177,2.159,1.215,9.312,4.723,1.889,2.024,15.115,8.367,4.453,1.215,1.08,6.343,Negative_226,0
10.833,3.056,3.889,5.278,0.278,4.167,3.333,10.0,4.167,3.333,8.611,6.111,3.333,3.333,7.222,2.5,8.611,1.667,3.056,7.222,Positive_114,1
4.384,5.479,2.192,6.575,1.096,7.123,3.836,7.123,1.918,5.753,7.671,5.205,2.466,5.205,10.411,9.315,4.384,2.466,3.288,4.11,Positive_48,1
9.662,8.696,2.415,2.899,1.449,5.797,2.415,6.763,3.382,3.865,7.729,6.763,2.899,1.449,8.213,10.628,6.763,0.483,2.415,5.314,Negative_139,0
9.426,4.508,2.459,3.279,3.689,6.148,5.328,9.426,2.459,5.328,10.656,2.459,1.639,2.869,4.508,7.787,7.377,2.049,2.459,6.148,Negative_211,0
8.722,7.646,1.553,4.182,0.358,5.137,4.54,11.231,3.345,1.314,13.501,2.389,0.956,4.182,8.363,6.452,4.182,2.987,2.509,6.452,Negative_17,0
8.805,4.717,3.145,3.459,3.459,0.943,2.201,5.66,3.774,5.346,16.038,0.943,3.459,6.289,5.346,7.233,5.031,1.258,4.403,8.491,Negative_162,0
7.516,5.846,3.132,4.036,1.322,6.402,3.758,6.193,2.575,6.82,11.621,5.776,2.992,4.384,3.41,8.212,5.637,1.183,2.296,6.889,Positive_186,1
10.01,3.622,3.718,4.48,0.191,4.766,4.576,8.484,1.049,6.864,9.724,4.099,4.004,5.148,4.29,5.91,6.387,0.858,2.574,9.247,Positive_75,1
7.58,5.831,1.166,2.041,2.915,3.499,6.414,8.746,2.332,2.041,22.741,0.875,1.166,3.207,5.248,8.746,4.373,1.749,2.041,7.289,Negative_96,0
7.53,7.794,2.378,4.491,3.17,8.454,4.491,8.19,2.246,3.435,9.379,5.02,0.793,3.303,6.737,7.266,4.624,2.774,1.982,5.945,Negative_72,0
5.51,5.714,3.469,5.102,2.653,8.98,3.878,5.714,2.041,3.469,9.592,7.143,2.041,5.714,4.694,7.347,5.51,0.816,4.286,6.327,Positive_5,1
10.339,9.37,0.485,2.423,5.816,8.078,2.585,8.239,5.977,0.323,6.139,5.977,1.454,3.877,9.208,8.239,4.362,0.323,1.939,4.847,Negative_107,0
10.345,3.448,6.322,3.448,0.0,7.471,2.874,7.471,2.299,5.747,11.494,6.897,3.448,2.874,4.023,5.747,3.448,0.0,2.874,9.77,Positive_146,1
8.923,4.923,3.692,5.231,1.846,6.769,4.0,5.538,2.769,4.615,11.385,6.154,1.538,2.462,7.692,4.923,3.692,2.154,4.308,7.385,Positive_209,1
2.19,3.65,7.299,0.73,10.949,1.46,5.109,8.759,0.73,2.19,6.569,0.73,0.73,5.839,5.109,18.248,9.489,0.0,9.489,0.73,Negative_217,0
12.538,5.505,3.364,2.446,1.223,8.257,7.339,6.728,2.446,4.893,8.563,4.893,2.446,0.917,7.645,4.587,6.728,0.612,0.917,7.951,Negative_156,0
13.939,6.667,2.424,2.121,2.121,1.818,3.636,8.182,1.212,2.424,20.606,0.303,1.212,2.424,8.485,8.485,3.636,3.03,3.03,4.242,Negative_197,0
11.765,8.333,0.98,5.392,2.941,7.353,2.451,9.804,0.0,0.98,11.275,3.431,0.49,4.412,12.745,6.863,4.902,0.98,0.98,3.922,Negative_55,0
6.131,1.903,6.554,7.822,0.0,4.228,5.074,7.4,1.903,4.863,6.765,9.302,2.114,5.074,2.537,8.245,8.457,1.057,5.285,5.285,Positive_112,1
7.343,11.538,3.147,4.196,2.098,12.238,8.042,7.692,2.797,0.35,6.993,3.497,2.098,1.748,6.643,8.741,4.895,1.399,1.399,3.147,Negative_138,0
5.851,4.521,4.521,6.649,1.33,8.511,6.117,3.457,2.128,7.447,9.84,4.255,2.394,4.521,3.457,6.915,5.319,1.862,4.255,6.649,Positive_165,1
4.036,6.278,1.57,3.139,6.726,8.744,6.726,7.399,7.399,4.709,6.278,8.52,0.673,4.26,5.83,9.193,4.484,0.0,2.915,1.121,Negative_199,0
6.338,10.563,3.521,7.746,0.0,12.676,1.408,2.817,1.408,9.155,11.268,9.155,2.113,4.225,2.113,3.521,3.521,0.704,3.521,4.225,Positive_177,1
6.077,4.788,3.683,4.972,2.394,9.024,4.052,5.525,2.026,4.788,9.392,7.182,1.289,3.867,4.788,10.129,5.525,1.105,3.315,6.077,Positive_182,1
12.177,11.808,1.845,4.059,2.214,5.904,3.321,10.701,0.738,1.107,6.642,3.321,0.369,1.845,12.546,9.963,3.321,1.476,1.476,5.166,Negative_141,0
6.972,6.789,1.101,5.321,0.734,7.523,4.404,7.89,2.018,2.936,13.578,2.752,0.734,2.752,7.89,10.275,7.156,1.468,1.468,6.239,Negative_20,0
7.559,3.24,3.24,3.24,3.888,4.536,5.4,6.048,6.263,1.296,12.743,6.911,1.728,4.536,9.935,8.207,6.479,0.216,1.728,2.808,Negative_145,0
10.502,2.74,5.479,5.479,0.913,6.849,3.653,9.589,0.457,8.219,7.763,7.306,2.283,2.74,3.196,5.479,3.653,0.0,1.37,12.329,Positive_180,1
4.986,4.155,6.094,6.371,0.831,5.263,4.432,7.756,3.324,6.648,12.742,5.54,2.493,3.047,2.216,5.817,6.371,1.662,4.155,6.094,Positive_138,1
8.815,8.435,2.888,6.459,0.912,8.359,3.951,7.979,1.824,5.547,9.119,4.939,2.28,2.736,4.787,4.103,4.939,0.76,2.888,8.283,Positive_12,1
7.512,7.512,2.347,4.225,0.469,10.798,2.817,3.756,2.347,4.695,12.207,3.286,4.225,4.695,6.103,6.573,4.695,0.939,3.756,7.042,Positive_173,1
6.364,4.909,1.455,4.909,1.455,9.818,7.636,5.273,2.364,3.818,9.091,4.182,1.273,2.545,12.364,9.818,4.909,2.182,1.636,4.0,Negative_178,0
9.126,4.627,4.82,5.141,1.285,6.555,4.306,9.447,2.314,5.334,10.476,4.627,2.442,2.828,4.82,5.463,4.884,1.028,3.213,7.262,Positive_122,1
4.229,9.95,2.239,1.741,5.97,9.701,3.483,6.716,7.463,3.483,6.965,6.468,0.746,3.731,3.234,11.443,4.726,0.498,3.98,3.234,Negative_235,0
5.628,5.051,3.896,4.906,1.876,7.792,3.03,7.504,2.453,7.792,8.658,6.926,1.876,4.185,5.483,5.916,6.205,0.433,1.876,8.514,Positive_28,1
10.317,5.952,0.595,3.77,2.579,3.373,4.365,5.159,3.175,4.762,15.278,1.389,2.381,6.746,6.746,6.349,5.952,0.992,1.984,8.135,Negative_30,0
9.509,3.374,5.521,4.908,1.227,8.896,2.454,7.975,1.534,3.374,7.669,3.988,2.761,4.908,8.282,6.135,6.442,0.92,2.761,7.362,Positive_128,1
12.0,4.0,1.333,2.667,1.333,2.667,6.333,11.667,3.0,4.333,12.333,3.667,4.333,4.333,3.667,5.0,6.333,1.333,4.667,5.0,Negative_97,0
6.202,1.938,1.938,1.163,5.426,3.101,4.651,7.752,3.876,3.488,16.279,1.163,0.388,5.814,5.814,13.178,3.876,3.488,1.938,8.527,Negative_121,0
9.907,3.738,5.047,3.925,1.495,5.047,3.925,8.224,1.682,5.794,8.037,6.355,3.551,3.925,5.607,6.542,5.981,1.121,2.056,8.037,Positive_17,1
8.819,6.656,1.498,3.744,1.997,7.155,4.243,6.656,2.745,3.411,10.399,3.993,1.913,3.078,10.732,10.316,4.493,1.414,2.163,4.576,Negative_163,0
8.517,4.101,5.994,4.732,1.262,5.994,6.94,5.994,0.0,6.625,9.464,4.101,3.155,5.363,6.625,3.785,7.256,1.577,2.208,6.309,Positive_118,1
9.646,3.15,2.953,8.465,1.378,11.024,2.559,5.709,2.165,4.528,9.055,9.252,0.984,6.496,4.134,4.528,4.528,0.984,2.362,6.102,Positive_96,1
7.47,6.265,3.133,5.301,1.928,7.952,5.542,6.024,3.133,6.265,10.12,2.892,2.651,4.337,7.229,5.783,4.819,1.205,2.169,5.783,Positive_46,1
14.695,15.771,1.075,3.226,0.717,7.527,3.226,10.394,2.151,2.509,7.527,0.717,0.358,3.943,11.111,5.376,2.151,1.434,2.151,3.943,Negative_65,0
8.442,3.68,3.463,5.628,1.299,5.844,2.165,9.524,2.165,6.494,5.628,10.173,2.597,3.03,5.411,4.978,6.277,1.082,2.597,9.524,Positive_218,1
5.35,6.173,3.704,3.704,2.881,7.407,3.704,5.761,3.704,5.761,5.35,6.584,2.058,3.704,7.407,11.934,7.407,0.412,2.881,4.115,Negative_59,0
8.065,8.871,3.226,4.839,4.839,6.452,4.032,11.29,4.032,4.032,6.452,4.839,1.613,4.032,3.226,2.419,6.452,0.0,3.226,8.065,Positive_8,1
16.309,10.3,0.429,5.15,2.146,7.296,5.15,10.73,0.429,1.288,11.159,0.858,0.429,0.429,11.159,6.438,2.575,0.858,0.429,6.438,Negative_210,0
9.184,4.082,2.041,4.082,0.0,8.163,2.041,10.204,8.163,2.041,6.122,11.224,3.061,7.143,3.061,4.082,2.041,4.082,4.082,5.102,Positive_24,1
9.284,8.09,3.183,4.775,3.714,9.416,3.846,6.101,2.122,2.918,13.528,3.979,2.387,2.918,7.56,6.631,2.785,0.531,1.592,4.642,Negative_63,0
9.93,5.575,3.31,8.537,0.697,4.704,2.265,8.885,1.916,4.53,8.711,1.568,1.916,3.659,5.923,6.794,6.446,2.265,2.962,9.408,Positive_55,1
1.117,8.38,2.235,1.676,0.559,2.793,6.704,18.436,2.793,0.559,1.676,2.235,1.676,5.028,16.201,13.966,5.028,1.117,5.587,2.235,Negative_129,0
5.43,9.502,1.81,3.167,4.977,7.24,4.525,6.335,2.262,0.905,9.05,2.715,4.072,3.62,11.312,9.05,2.262,1.81,1.357,8.597,Positive_156,1
11.94,11.94,1.493,5.97,2.985,8.955,4.478,7.463,1.493,2.985,5.97,4.478,1.493,2.985,7.463,5.97,7.463,0.0,1.493,2.985,Negative_152,0
12.317,11.73,1.466,5.572,1.173,3.519,4.692,7.038,1.173,1.466,10.85,1.76,0.587,1.76,19.355,6.158,4.985,0.88,0.587,2.933,Negative_167,0
8.71,6.452,3.548,4.516,0.323,8.065,5.161,4.194,2.258,3.871,7.742,4.839,2.581,2.581,7.742,9.677,9.355,0.0,2.903,5.484,Negative_34,0
8.257,4.325,2.228,4.98,1.704,6.029,4.194,8.912,1.18,6.029,9.83,9.305,2.49,4.063,4.325,6.291,4.98,0.131,2.359,8.388,Positive_21,1
8.387,3.226,3.871,2.258,2.581,5.806,2.903,6.129,1.935,8.065,13.548,7.097,2.258,4.516,2.581,6.452,6.129,1.29,3.871,7.097,Positive_31,1
4.412,1.471,2.941,5.882,4.412,7.353,0.0,8.824,2.941,2.941,11.765,11.765,4.412,1.471,2.941,7.353,7.353,0.0,2.941,8.824,Positive_117,1
6.936,9.827,2.89,7.225,0.578,3.757,4.046,8.96,2.601,3.468,12.139,2.312,1.156,2.89,8.96,10.694,3.179,0.578,0.578,7.225,Negative_183,0
2.661,2.232,5.665,4.549,3.348,5.665,3.605,3.948,2.575,6.781,8.927,6.695,2.06,4.807,5.923,10.987,6.009,2.318,3.863,7.382,Positive_181,1
4.521,2.66,3.989,2.128,1.862,0.798,2.926,5.851,2.926,11.702,14.628,1.862,2.128,9.043,5.319,6.649,4.521,2.66,6.915,6.915,Positive_211,1
10.836,8.978,0.929,4.025,4.644,6.811,3.096,11.455,5.882,1.238,6.192,2.477,0.929,3.715,9.598,7.74,4.644,0.0,0.929,5.882,Negative_198,0
13.41,4.215,4.598,3.831,1.533,4.215,4.981,11.877,0.766,5.364,9.962,4.215,2.299,3.448,4.981,4.598,4.981,0.0,1.149,9.579,Positive_26,1
11.494,9.885,1.379,4.368,1.379,8.046,2.989,9.425,1.839,1.609,7.816,2.299,0.92,2.989,14.253,11.034,4.138,0.46,0.23,3.448,Negative_58,0
4.706,5.176,5.882,3.294,3.529,6.824,4.706,5.647,3.529,4.471,8.706,4.471,2.353,3.529,8.471,7.765,5.412,2.118,3.059,6.353,Negative_48,0
8.526,4.019,5.603,4.629,0.0,5.481,4.75,8.648,1.218,5.359,8.526,6.456,2.436,2.558,3.41,9.988,7.065,0.974,4.629,5.725,Positive_207,1
10.115,4.994,3.969,5.378,1.408,6.146,6.274,7.17,3.457,4.225,12.036,3.329,3.841,1.665,4.481,5.378,6.146,0.896,2.177,6.914,Positive_38,1
5.991,5.069,3.687,6.452,3.687,4.147,3.687,3.226,3.687,5.069,13.825,5.991,3.687,2.765,5.991,8.295,4.147,1.843,2.304,6.452,Negative_169,0
12.206,4.497,5.567,4.069,1.499,7.066,3.854,7.281,3.212,4.711,11.135,5.139,3.854,2.355,4.069,5.996,5.353,1.071,0.857,6.21,Positive_77,1
4.484,4.036,4.036,4.036,0.897,6.278,4.036,6.726,1.794,6.278,11.211,5.381,0.897,4.933,5.83,8.52,4.036,2.691,5.381,8.52,Positive_43,1
8.159,4.393,5.23,7.741,0.628,6.067,2.51,7.113,2.929,5.858,7.741,4.812,2.092,5.649,6.695,6.695,5.021,1.046,5.021,4.603,Positive_106,1
4.703,4.011,4.011,3.734,3.043,5.394,4.979,5.671,3.32,6.362,12.033,5.533,2.766,3.596,4.288,8.99,6.639,0.415,3.596,6.916,Negative_201,0
9.746,7.062,1.695,3.814,1.977,5.367,3.249,10.593,2.26,1.695,11.158,1.554,0.706,3.672,9.887,8.192,6.497,1.554,1.836,7.486,Negative_90,0
18.941,5.618,1.445,3.852,1.445,7.705,2.568,12.841,0.803,0.321,14.607,2.247,0.803,1.445,9.952,4.494,3.692,1.766,0.321,5.136,Negative_106,0
13.623,5.217,4.058,4.638,1.159,5.217,6.667,7.826,2.609,5.217,11.594,3.478,2.029,4.058,5.217,5.797,4.638,0.0,1.739,5.217,Positive_102,1
9.447,4.456,5.704,4.991,0.891,5.169,2.674,8.734,1.961,4.991,6.595,3.565,2.139,3.743,8.556,4.278,8.913,3.387,3.03,6.774,Positive_111,1
3.361,6.723,1.681,3.361,1.681,5.462,7.143,3.361,3.782,3.782,9.244,6.723,0.84,2.941,12.185,13.445,6.723,0.84,1.681,5.042,Negative_166,0
8.915,7.752,4.005,5.039,0.258,4.91,5.685,8.915,1.034,2.455,11.37,3.488,2.196,3.618,5.556,6.848,4.78,1.809,3.23,8.14,Positive_188,1
6.997,7.58,1.458,3.79,3.499,7.58,9.329,8.163,1.458,0.583,7.872,6.414,0.583,2.041,7.872,11.37,4.373,2.624,0.583,5.831,Negative_85,0
3.349,4.545,3.11,3.828,1.914,5.502,5.263,5.024,4.306,4.785,11.483,3.828,1.675,4.545,6.459,13.158,6.459,1.675,2.871,6.22,Negative_173,0
7.9,7.707,1.349,4.046,2.312,7.9,7.707,8.478,2.89,1.156,13.487,5.202,0.963,2.505,9.249,8.671,2.89,0.963,1.349,3.276,Negative_18,0
7.563,2.941,6.933,2.521,0.84,4.202,4.832,23.109,2.101,2.101,4.832,3.571,0.63,2.941,5.462,14.076,3.571,2.311,1.681,3.782,Negative_89,0
7.669,4.601,6.135,6.135,3.681,3.988,4.908,7.669,3.374,7.055,6.135,2.454,2.147,2.147,4.294,8.589,7.055,2.761,3.067,6.135,Negative_124,0
10.358,5.371,3.581,5.882,0.895,6.522,5.243,9.079,1.79,2.941,8.184,5.754,1.662,3.964,5.371,5.882,5.243,1.918,2.813,7.545,Positive_200,1
6.494,7.792,3.03,5.628,1.299,6.494,4.329,4.329,2.165,5.195,11.688,8.225,3.03,4.762,2.597,5.628,5.628,0.433,3.896,7.359,Positive_159,1
9.553,5.562,2.781,4.474,4.232,4.353,4.353,7.013,2.66,3.99,11.245,4.111,1.814,3.869,4.353,9.915,5.2,1.33,2.418,6.771,Negative_223,0
4.669,1.946,6.615,4.28,0.778,6.226,2.724,8.949,2.724,5.837,11.673,10.117,1.167,1.946,1.946,6.226,8.171,1.556,1.946,10.506,Positive_57,1
11.79,10.917,1.747,2.62,0.0,9.17,2.183,8.734,2.62,3.93,9.607,3.057,1.31,6.987,7.424,6.55,2.62,0.437,2.62,5.677,Positive_133,1
7.143,4.286,2.857,4.286,1.429,8.571,6.429,2.857,2.143,2.143,11.429,3.571,2.857,6.429,10.0,11.429,2.143,3.571,1.429,5.0,Negative_200,0
8.596,2.292,4.011,4.011,3.152,7.163,4.585,10.315,2.292,7.163,8.883,7.163,2.579,4.298,4.298,3.725,4.298,0.573,1.433,9.169,Positive_15,1
16.197,7.394,2.113,7.394,0.352,3.873,2.465,10.563,2.113,3.873,9.507,1.761,1.761,1.056,5.634,4.577,3.521,1.761,1.056,13.028,Positive_86,1
11.692,8.706,1.244,2.488,2.239,2.488,3.483,14.179,2.985,2.736,6.965,1.99,0.995,0.498,15.423,7.214,7.96,1.99,0.498,4.229,Negative_122,0
6.274,5.894,3.422,5.038,1.331,7.985,5.133,5.703,2.567,5.513,9.506,5.989,3.232,2.852,6.559,7.7,4.848,1.331,3.612,5.513,Positive_153,1
8.784,7.095,1.351,6.081,3.041,6.757,5.405,4.73,0.676,4.392,12.5,5.068,2.365,3.378,5.743,7.095,5.405,1.689,2.365,6.081,Negative_172,0
3.125,2.344,4.688,3.906,0.0,8.594,5.469,10.156,2.344,4.688,3.906,9.375,4.688,6.25,0.781,7.031,9.375,0.781,3.125,9.375,Positive_81,1
6.863,3.268,4.248,4.575,2.614,5.556,5.882,7.516,2.614,5.556,11.111,5.556,3.268,4.575,5.882,6.536,2.941,1.961,2.941,6.536,Positive_219,1
12.883,5.102,0.765,3.061,3.061,9.949,4.592,7.781,4.974,3.699,7.143,4.847,1.403,2.296,5.74,6.378,7.143,0.0,1.02,8.163,Negative_125,0
8.094,6.527,1.828,6.005,12.01,3.655,4.178,11.488,3.394,1.567,8.877,1.567,1.305,2.611,9.661,3.916,4.439,1.044,1.305,6.527,Negative_57,0
9.011,4.842,2.152,4.169,1.278,5.313,4.035,27.303,0.538,2.286,3.766,4.506,1.076,1.681,18.157,3.228,2.959,0.471,0.672,2.555,Positive_90,1
13.022,6.461,1.789,3.181,2.883,6.362,3.181,9.046,3.181,1.889,7.555,3.579,0.696,1.69,16.402,8.549,4.274,0.497,2.187,3.579,Negative_196,0
6.111,6.111,6.111,7.222,1.667,8.333,2.778,6.667,1.111,5.556,10.556,5.0,3.889,5.0,2.778,6.111,5.0,0.556,2.222,7.222,Positive_160,1
11.694,2.21,3.683,3.499,1.197,3.959,3.223,10.773,1.473,6.446,10.958,5.709,3.223,3.315,4.88,5.801,6.538,0.368,3.223,7.827,Positive_1,1
5.164,6.455,7.277,3.521,2.465,5.634,4.343,6.808,1.408,7.394,9.859,5.282,2.7,3.286,3.521,5.399,7.042,3.286,2.582,6.573,Positive_120,1
14.189,10.473,1.351,5.743,2.365,6.757,2.027,10.473,2.027,1.351,13.851,1.014,1.351,3.716,5.743,4.73,4.054,0.676,1.689,6.419,Positive_23,1
9.524,3.741,2.381,6.122,0.34,9.864,1.701,8.163,1.701,7.143,11.224,9.864,1.361,4.422,3.401,2.041,6.803,0.34,0.34,9.524,Positive_176,1
9.195,8.046,0.0,6.897,4.598,9.195,18.391,3.448,5.747,1.149,3.448,3.448,3.448,2.299,3.448,6.897,3.448,2.299,0.0,4.598,Negative_214,0
7.972,6.412,2.426,3.813,2.08,6.412,5.373,6.586,3.12,2.773,6.759,7.106,1.906,3.12,7.626,12.825,5.893,0.867,1.213,5.719,Negative_181,0
5.651,6.388,0.737,3.686,2.211,9.337,8.108,6.388,3.194,2.948,12.285,3.686,1.966,2.948,6.88,8.6,4.914,1.229,1.72,7.125,Negative_165,0
8.394,2.19,6.569,6.752,0.0,4.015,4.745,9.489,2.007,4.562,7.299,6.569,1.095,4.197,3.102,6.752,7.299,0.912,6.569,7.482,Positive_195,1
13.383,4.833,2.974,5.576,0.372,4.089,3.717,10.409,1.859,7.435,10.037,3.346,3.717,2.602,4.833,5.948,4.833,1.487,2.23,6.32,Positive_30,1
7.226,5.128,3.147,6.061,1.981,7.226,3.38,7.692,1.865,6.294,8.508,7.576,3.263,4.079,5.361,5.128,4.779,0.816,2.448,8.042,Positive_205,1
13.314,2.071,5.03,4.734,0.0,3.846,5.325,8.284,1.479,3.846,10.059,7.692,2.071,3.55,4.438,7.692,4.142,1.775,2.959,7.692,Positive_175,1
0.847,4.237,0.0,0.0,20.339,0.847,9.322,13.559,3.39,0.0,1.695,5.085,0.847,0.0,16.102,21.186,1.695,0.0,0.0,0.847,Negative_231,0
4.138,3.448,1.379,8.276,10.345,3.448,4.828,5.517,7.586,4.138,4.138,13.103,2.069,5.517,8.276,3.448,2.759,0.0,1.379,6.207,Negative_78,0
9.884,11.047,0.581,2.326,3.488,5.233,2.907,6.395,5.814,0.581,8.14,3.488,1.163,2.907,19.186,8.721,3.488,0.0,1.744,2.907,Negative_27,0
11.29,6.452,2.419,3.226,1.613,4.032,0.806,12.903,3.226,8.871,12.097,4.032,1.613,3.226,4.839,9.677,4.032,0.0,0.806,4.839,Negative_95,0
5.955,6.452,4.715,2.73,1.737,7.692,6.7,4.715,2.978,3.474,10.67,7.94,0.993,3.226,7.444,8.189,4.218,0.993,2.978,6.203,Positive_39,1
3.883,3.56,3.236,2.913,3.883,1.942,1.942,2.589,3.883,6.472,15.21,4.207,3.236,7.767,3.883,10.356,8.091,0.0,4.531,8.414,Negative_161,0
4.681,6.809,6.383,6.383,0.0,5.106,2.128,7.66,1.702,4.255,11.489,11.915,2.979,1.277,4.255,5.957,3.83,2.128,2.553,8.511,Positive_170,1
8.899,5.914,1.411,4.178,1.139,8.03,8.464,8.247,2.93,2.767,8.573,4.069,1.519,2.008,10.364,8.464,6.131,0.868,0.651,5.372,Negative_132,0
8.834,7.42,3.534,5.654,0.0,6.714,5.654,4.947,4.947,5.654,8.834,3.18,0.707,4.594,7.42,4.594,6.007,2.12,3.18,6.007,Positive_51,1
8.969,3.812,6.951,7.399,0.448,4.709,4.933,10.987,1.345,4.484,4.933,4.484,3.587,4.484,2.018,6.278,5.605,4.26,4.933,5.381,Positive_166,1
15.686,8.333,1.471,6.863,0.98,4.412,3.922,9.069,1.471,3.431,11.275,1.961,1.225,2.206,5.392,3.922,5.882,0.98,1.961,9.559,Positive_110,1
11.94,3.483,2.985,6.468,0.0,5.473,3.483,6.965,1.493,7.463,9.453,5.473,1.493,3.98,4.975,7.463,5.473,0.498,3.483,7.96,Positive_109,1
10.247,8.127,1.767,8.127,0.707,4.24,3.534,8.481,2.12,2.827,12.014,1.767,1.06,3.534,6.36,3.18,8.834,1.413,3.18,8.481,Positive_212,1
14.433,8.935,1.375,6.873,1.031,4.811,1.718,9.622,2.405,3.093,8.935,1.375,2.405,2.749,3.78,4.124,8.247,1.375,1.031,11.684,Positive_87,1
12.693,8.978,0.619,4.025,3.096,7.74,2.477,10.526,3.715,0.619,12.074,0.619,1.548,4.025,7.121,5.573,4.954,0.929,0.929,7.74,Negative_87,0
2.273,11.364,0.0,0.0,2.273,6.818,2.273,18.182,2.273,2.273,13.636,0.0,2.273,0.0,9.091,6.818,9.091,9.091,0.0,2.273,Positive_98,1
9.929,3.31,5.201,4.965,0.473,9.456,2.364,8.747,1.182,8.511,6.856,7.565,1.655,3.546,4.019,4.492,5.437,1.418,3.546,7.329,Positive_60,1
8.35,8.147,1.426,4.684,1.629,6.11,4.073,9.165,2.24,3.055,10.387,3.666,1.426,3.055,8.758,5.499,5.499,2.24,1.629,8.961,Negative_94,0
7.732,7.216,3.351,6.443,0.0,8.505,3.351,9.794,2.062,6.443,6.959,6.186,3.093,2.062,3.866,4.381,5.67,0.773,2.835,9.278,Positive_78,1
8.744,4.558,2.698,2.884,0.465,5.209,7.535,9.395,3.07,2.605,5.767,4.093,2.047,2.047,15.442,10.884,4.744,0.279,2.512,5.023,Negative_135,0
12.701,5.367,4.114,5.903,0.358,4.472,5.725,7.692,1.968,5.009,9.302,3.399,3.041,3.22,5.188,5.903,3.399,1.073,2.326,9.839,Positive_62,1
6.007,6.537,3.71,6.714,2.65,3.887,3.18,6.36,2.65,3.357,10.071,4.24,1.943,4.24,7.951,12.898,4.064,2.12,1.943,5.477,Negative_38,0
5.322,4.708,2.559,5.527,1.535,6.858,4.401,5.937,3.378,4.504,10.952,5.732,2.047,3.992,6.755,8.393,6.448,1.126,3.378,6.448,Positive_196,1
8.088,8.578,0.735,3.676,2.206,7.843,7.108,6.863,3.922,1.961,9.069,4.412,1.716,2.696,11.275,8.333,4.412,1.961,0.245,4.902,Negative_175,0
10.55,3.211,4.587,6.881,1.376,7.798,3.211,2.294,5.046,6.422,9.633,7.798,1.835,4.128,3.67,8.257,4.128,0.917,3.67,4.587,Positive_45,1
5.996,8.995,1.411,4.233,4.056,5.115,3.88,10.053,2.293,1.764,10.053,4.233,1.235,2.998,10.229,10.582,2.998,1.94,2.469,5.467,Negative_52,0
5.98,5.476,4.827,6.484,1.441,11.239,6.556,3.314,1.945,4.755,10.735,10.375,2.954,2.666,3.53,6.124,4.179,0.793,2.378,4.251,Positive_203,1
7.54,6.746,1.786,4.96,1.984,2.579,3.77,8.929,3.373,2.976,9.325,5.754,1.389,1.984,10.913,7.341,6.746,1.786,2.183,7.937,Negative_29,0
4.202,5.252,4.832,6.303,2.101,6.513,3.782,5.672,2.101,5.672,10.294,8.613,2.311,3.782,5.672,7.353,4.202,2.101,2.941,6.303,Positive_183,1
6.919,5.782,4.645,5.308,2.844,5.877,4.455,7.393,1.517,6.161,6.54,4.645,3.412,3.791,4.834,7.583,6.445,1.327,3.697,6.825,Positive_222,1
13.452,11.421,0.254,4.061,2.03,7.868,7.107,7.36,0.508,1.777,11.675,2.284,1.523,2.03,10.406,7.107,3.807,0.761,0.508,4.061,Negative_230,0
5.385,3.077,3.846,6.154,0.0,4.615,6.923,5.385,2.308,3.846,6.154,8.462,2.308,6.923,3.077,7.692,8.462,0.769,2.308,12.308,Positive_143,1
9.569,2.871,4.785,3.828,1.435,7.656,3.828,4.306,1.914,6.699,11.483,8.612,2.871,4.785,5.263,2.871,5.263,1.435,4.785,5.742,Positive_76,1
4.255,2.432,10.334,5.775,1.52,6.079,2.432,6.687,1.52,7.599,8.815,6.991,2.736,5.167,3.04,5.471,6.991,0.912,4.559,6.687,Positive_52,1
8.532,4.778,2.389,5.802,0.341,6.143,6.143,9.556,1.706,5.802,13.652,4.437,1.365,2.73,5.119,5.461,4.437,1.024,5.802,4.778,Positive_103,1
5.119,3.072,5.119,3.413,2.389,6.143,2.73,4.096,5.461,7.167,10.58,5.802,2.048,8.874,4.778,3.754,5.119,3.754,6.826,3.754,Positive_9,1
10.581,6.855,1.639,6.11,1.639,8.197,1.788,12.817,1.937,2.235,5.812,7.004,1.192,1.341,9.836,9.687,4.769,0.447,0.894,5.216,Negative_229,0
3.756,6.103,3.756,5.164,4.225,8.92,6.573,1.408,3.286,2.817,8.92,10.329,1.408,4.225,9.39,4.695,4.225,0.469,2.817,7.512,Negative_91,0
6.341,4.878,4.878,8.293,1.951,7.317,6.341,4.878,2.439,2.439,9.756,4.39,1.951,4.878,4.878,14.146,3.415,0.976,2.439,3.415,Negative_168,0
9.055,3.839,4.724,3.15,0.787,3.839,10.925,8.071,3.346,1.378,8.858,3.543,2.854,2.362,11.122,12.303,4.232,0.394,1.378,3.839,Negative_222,0
14.921,10.794,1.587,3.175,1.27,6.984,2.222,10.476,4.444,1.27,12.381,1.587,1.587,1.587,5.714,8.571,4.444,2.222,1.27,3.492,Negative_232,0
9.146,6.707,1.22,2.439,3.049,7.317,4.878,4.268,3.049,1.22,21.341,0.61,2.439,0.61,8.537,10.366,4.268,0.61,1.829,6.098,Negative_194,0
14.047,6.02,1.672,9.365,1.338,4.013,6.02,7.692,2.341,5.017,13.043,4.348,2.341,2.676,4.013,5.351,4.013,0.0,2.007,4.682,Positive_59,1
6.287,3.593,5.988,2.994,2.395,2.695,4.192,5.988,1.497,3.892,4.79,9.581,2.096,6.287,12.275,11.976,5.389,0.599,3.892,3.593,Negative_1,0
11.881,9.571,2.64,2.97,1.32,4.62,4.95,6.601,3.96,0.99,10.561,1.32,1.32,4.62,6.601,8.251,5.281,0.66,2.64,9.241,Negative_147,0
3.891,5.837,3.113,3.502,1.556,5.837,4.28,6.615,3.113,5.837,11.284,3.113,1.946,6.226,4.28,13.619,4.669,3.502,2.335,5.447,Negative_227,0
14.783,1.739,1.739,3.478,0.0,6.957,1.739,8.696,3.478,4.348,8.696,5.217,1.739,2.609,6.087,7.826,11.304,1.739,1.739,6.087,Positive_162,1
6.304,3.478,4.783,6.957,1.739,7.174,4.348,5.217,2.174,5.652,9.783,7.391,3.043,4.13,5.0,6.957,6.304,0.652,2.609,6.304,Positive_208,1
4.854,2.913,2.913,1.942,1.942,21.359,7.767,10.68,3.883,0.0,7.767,6.796,2.913,0.971,6.796,11.65,2.913,0.0,0.0,1.942,Negative_184,0
7.44,5.06,5.357,5.952,1.19,5.06,4.167,9.524,1.786,8.929,10.714,6.25,2.083,3.274,5.655,3.571,4.762,0.0,2.976,6.25,Positive_61,1
8.84,3.867,2.762,4.972,0.0,6.63,6.63,6.077,4.42,6.63,9.945,4.42,3.315,6.63,3.867,8.287,4.972,1.105,2.21,4.42,Positive_121,1
6.278,4.26,3.587,6.054,1.794,8.744,4.709,4.933,2.018,8.969,12.108,9.417,1.794,3.139,3.363,6.278,4.036,0.224,2.466,5.83,Positive_152,1
6.941,5.206,3.688,5.857,6.941,7.592,5.206,6.941,1.085,2.603,19.957,3.471,0.651,0.868,3.037,9.761,2.82,1.302,0.651,5.423,Negative_13,0
10.811,6.419,3.716,5.743,0.338,4.392,2.703,6.081,1.689,4.392,13.176,2.703,4.73,4.392,7.432,5.743,4.392,2.703,2.365,6.081,Positive_50,1
8.378,3.437,1.719,4.404,0.752,6.445,7.411,6.015,1.933,2.685,12.137,5.478,1.826,1.719,12.889,12.03,5.263,0.215,0.859,4.404,Negative_236,0
8.117,5.524,4.284,5.862,0.676,8.005,4.622,8.906,2.593,6.426,7.892,5.411,2.48,3.833,4.059,4.848,4.735,1.24,4.735,5.75,Positive_83,1
6.688,6.051,1.592,6.051,3.503,2.229,4.14,8.917,3.503,2.866,9.554,4.459,1.911,3.185,3.822,12.102,6.688,3.822,0.955,7.962,Negative_127,0
3.788,5.303,5.303,3.788,1.515,6.818,3.03,7.576,0.0,6.818,7.576,13.636,3.03,3.788,0.758,6.061,10.606,1.515,1.515,7.576,Positive_201,1
7.787,3.689,3.689,3.279,4.098,1.23,1.639,5.328,2.459,5.738,13.934,3.279,2.869,5.738,4.918,10.246,6.148,2.459,4.508,6.967,Negative_75,0
10.263,6.316,1.579,4.474,2.105,5.0,8.684,6.316,3.684,2.368,10.263,2.105,1.053,3.947,8.158,7.105,5.263,1.842,3.421,6.053,Positive_163,1
11.053,6.053,3.158,2.105,0.789,7.895,6.053,11.053,1.053,2.105,4.737,5.263,2.105,1.579,14.737,7.895,3.947,1.316,1.053,6.053,Negative_64,0
4.684,5.703,6.517,5.703,2.444,6.11,5.295,8.554,1.833,3.259,7.332,7.332,3.666,2.444,4.684,6.925,4.684,2.851,4.277,5.703,Positive_88,1
5.083,6.158,5.767,5.181,2.639,8.211,3.812,5.279,1.271,3.617,8.016,8.7,1.369,3.226,6.647,13.392,5.474,0.098,1.075,4.985,Negative_228,0
5.109,7.299,2.92,2.92,2.92,10.219,8.029,6.569,0.73,6.569,9.489,5.839,2.19,3.65,3.65,5.109,6.569,0.0,5.839,4.38,Negative_70,0
5.546,7.667,1.794,5.22,2.447,7.015,5.057,5.71,3.426,1.142,10.93,6.199,2.121,3.1,8.483,13.703,4.568,0.489,1.305,4.078,Negative_88,0
5.54,3.878,6.648,3.324,0.831,3.324,3.324,14.958,1.939,1.939,5.817,1.939,6.648,2.77,16.066,9.972,3.047,1.385,3.324,3.324,Negative_74,0
7.522,5.531,3.319,7.08,1.77,4.646,3.982,7.743,2.876,6.416,6.858,7.965,2.655,4.425,4.204,4.867,6.858,1.991,3.097,6.195,Positive_217,1
8.85,5.942,2.528,3.793,1.264,6.068,6.574,6.827,4.425,3.287,12.642,3.413,2.149,4.804,5.815,7.459,2.908,1.77,3.034,6.448,Positive_33,1
11.888,3.846,2.797,5.245,1.748,7.343,4.545,9.79,1.748,5.594,6.643,6.993,1.399,3.497,3.846,5.245,5.245,2.098,1.748,8.741,Positive_197,1
7.727,8.409,3.409,3.182,0.227,3.182,3.182,8.182,2.273,2.273,6.364,4.545,1.136,1.591,26.591,9.545,4.091,0.0,1.591,2.5,Negative_159,0
6.6,2.8,4.4,4.8,0.8,4.8,5.0,2.8,2.0,3.6,12.8,5.8,2.8,4.8,6.4,10.2,11.0,0.6,1.4,6.6,Positive_95,1
12.155,9.392,0.552,7.735,1.105,3.315,3.867,8.84,4.972,4.42,9.392,0.0,2.762,1.657,3.315,4.972,7.182,3.867,2.21,8.287,Positive_108,1
7.898,2.795,4.86,4.982,2.309,5.589,6.197,5.346,2.187,4.253,8.627,4.131,2.187,3.888,7.533,12.394,8.627,0.486,0.972,4.739,Negative_101,0
9.137,3.046,1.523,2.538,3.046,5.584,4.061,8.122,2.538,5.584,11.168,4.061,4.569,2.03,7.614,7.107,4.061,0.0,3.553,10.66,Negative_134,0
10.124,4.618,2.842,5.151,1.421,5.329,3.908,7.993,2.309,4.796,8.348,6.394,1.421,4.973,6.217,7.282,4.796,1.776,3.02,7.282,Positive_19,1
7.906,6.838,2.991,4.274,2.564,4.701,4.274,5.556,2.35,1.923,9.615,3.205,1.496,3.632,9.615,10.897,6.197,2.564,1.923,7.479,Positive_124,1
3.754,8.191,3.072,7.167,0.0,8.191,1.706,8.532,1.365,6.143,8.191,8.191,2.389,6.826,3.072,5.119,2.389,0.0,4.096,11.604,Positive_104,1
8.101,6.704,1.397,4.655,1.21,6.89,3.911,7.542,2.7,2.98,10.987,2.514,1.304,2.98,8.939,9.497,6.704,1.117,1.676,8.194,Negative_208,0
4.306,3.828,10.526,3.828,0.478,2.871,4.306,11.483,1.914,6.22,4.306,4.306,2.392,3.349,3.349,8.134,8.134,3.349,6.22,6.699,Positive_129,1
5.714,4.49,2.041,1.633,4.082,3.673,2.041,8.571,5.306,4.898,13.469,3.265,2.857,7.347,3.265,7.755,4.898,4.082,3.265,7.347,Negative_209,0
7.831,2.41,1.807,7.229,2.41,9.036,1.205,5.422,0.602,5.422,8.434,15.06,2.41,3.012,3.614,7.229,4.217,0.602,3.614,8.434,Positive_202,1
9.832,2.638,5.516,5.516,1.679,6.475,1.439,9.592,1.199,4.556,9.113,10.072,3.357,3.837,4.077,5.755,4.077,0.959,0.959,9.353,Positive_214,1
5.379,5.868,2.934,3.912,5.379,4.156,3.423,6.601,2.2,5.623,13.203,5.868,1.956,3.423,4.645,7.09,5.868,1.956,3.667,6.846,Negative_219,0
13.72,6.707,1.524,5.488,1.524,4.573,5.183,8.232,3.963,3.659,9.146,2.134,2.744,3.354,5.488,7.012,5.183,3.659,1.22,5.488,Positive_132,1
7.663,6.897,2.682,8.812,2.299,5.364,3.831,4.981,3.065,3.831,10.728,4.598,1.149,4.981,6.513,8.046,1.916,0.766,2.299,9.579,Positive_223,1
8.182,4.805,4.026,6.494,2.338,11.948,4.675,4.935,3.247,3.117,7.273,5.325,3.117,2.727,4.545,4.545,6.494,1.169,2.597,8.442,Positive_184,1
6.607,3.254,3.55,6.114,1.381,7.396,3.353,7.002,1.874,4.734,8.876,12.426,2.465,2.959,4.339,8.383,4.142,1.282,3.156,6.706,Positive_71,1
9.554,2.866,3.185,5.096,0.318,6.369,2.229,6.369,2.548,5.096,8.28,9.873,2.866,5.414,3.503,7.643,7.643,0.318,1.911,8.917,Positive_36,1
12.64,8.708,1.404,3.371,1.685,3.933,3.371,10.955,2.809,2.528,12.921,2.247,1.124,2.528,8.427,5.337,5.056,2.528,1.966,6.461,Negative_212,0
5.055,6.148,5.464,6.421,1.23,6.557,3.689,6.831,1.913,5.191,6.557,5.191,2.732,4.372,4.508,6.284,6.148,2.049,3.962,9.699,Positive_0,1
9.028,3.935,4.63,6.019,2.315,6.25,3.009,8.565,2.546,7.407,8.796,6.713,3.704,2.546,3.704,3.241,5.556,1.389,3.472,7.176,Positive_69,1
7.43,6.376,3.916,5.221,1.707,6.225,5.522,5.974,2.108,3.765,10.191,6.175,2.159,3.564,5.673,10.894,5.321,0.803,1.857,5.12,Negative_62,0
10.286,6.286,1.333,4.19,2.476,5.143,4.381,8.571,2.857,2.286,12.0,2.476,0.952,2.857,10.476,13.714,4.381,0.762,0.952,3.619,Negative_104,0
8.13,9.756,2.439,1.626,1.626,4.065,5.691,8.13,4.878,1.626,13.821,2.439,0.813,5.691,8.943,6.504,4.878,1.626,2.439,4.878,Negative_185,0
7.918,4.399,5.279,3.812,2.346,5.279,4.692,4.985,2.346,5.279,14.663,5.572,2.053,5.572,3.812,7.625,6.452,0.88,2.639,4.399,Positive_11,1
11.075,4.886,5.537,7.818,0.651,7.166,2.932,5.212,0.326,4.56,10.749,9.446,1.954,2.932,3.909,4.56,7.492,1.303,1.954,5.537,Positive_58,1
5.065,5.172,3.341,4.418,2.478,5.28,4.418,7.651,3.017,4.526,7.974,3.341,2.694,3.664,8.19,11.207,7.004,1.185,2.047,7.328,Negative_44,0
7.24,9.955,2.262,7.24,0.905,7.692,1.357,4.977,2.262,5.882,8.597,4.977,2.715,4.525,3.62,5.43,4.977,0.0,5.882,9.502,Positive_101,1
15.821,5.97,2.985,6.866,1.194,3.881,2.985,10.746,1.194,5.97,6.866,2.09,2.985,3.582,5.075,5.373,6.567,0.896,1.791,7.164,Positive_72,1
14.987,5.685,1.55,2.842,2.584,5.943,5.685,8.786,2.067,1.292,11.37,1.034,0.775,2.067,13.695,8.527,3.359,1.292,0.775,5.685,Negative_192,0
3.155,4.732,5.363,4.101,4.416,11.987,2.839,5.678,1.893,8.202,5.994,7.256,2.208,5.047,5.678,3.47,4.732,2.208,4.732,6.309,Negative_206,0
8.458,7.463,4.478,8.955,2.985,4.975,3.98,6.468,0.995,1.99,9.453,5.473,2.488,4.975,2.488,5.97,4.478,2.985,3.98,6.965,Positive_25,1
7.743,5.31,2.876,5.31,2.876,6.195,4.646,7.522,4.867,2.876,12.168,3.982,2.434,2.876,5.31,7.743,5.973,3.54,1.549,4.204,Negative_56,0
10.0,7.0,3.25,3.875,1.875,5.75,6.75,8.375,2.875,1.625,6.5,5.375,2.375,2.75,7.875,9.875,5.0,1.25,4.375,3.25,Negative_120,0
11.706,4.365,0.595,1.984,2.778,2.579,3.175,7.54,2.183,3.77,12.103,2.579,1.984,5.754,7.937,8.532,6.746,1.19,3.175,9.325,Negative_133,0
8.232,5.327,6.053,4.6,0.969,6.538,3.632,6.538,2.179,4.6,8.959,5.085,1.453,5.569,5.811,6.538,5.327,2.179,2.906,7.506,Positive_92,1
5.774,3.412,4.462,3.937,2.1,5.512,2.362,7.087,2.625,9.449,10.499,7.874,2.1,2.625,4.199,8.661,6.037,2.1,1.575,7.612,Positive_10,1
5.634,5.915,3.099,6.197,1.69,6.197,4.507,6.197,3.099,5.07,10.423,7.887,1.408,3.662,4.225,6.479,4.789,1.408,5.352,6.761,Positive_6,1
10.48,6.488,1.747,4.304,1.871,4.554,3.93,10.106,1.934,0.873,8.734,4.554,1.123,3.369,13.911,10.917,4.367,0.561,2.308,3.868,Negative_25,0
4.359,4.359,4.359,2.051,6.667,9.744,2.308,7.179,7.692,3.59,5.128,9.231,1.538,5.128,3.333,7.179,7.436,0.256,4.872,3.59,Negative_151,0
13.846,0.769,2.308,2.308,2.308,4.615,1.538,16.923,0.769,3.077,12.308,4.615,3.077,3.846,1.538,11.538,3.846,1.538,2.308,6.923,Negative_26,0
13.5,3.0,5.0,4.5,0.0,8.0,7.5,5.0,1.0,5.0,9.5,6.0,2.0,6.5,4.0,6.0,3.0,2.0,3.0,5.5,Positive_140,1
10.875,7.692,3.448,6.366,0.796,6.897,4.244,10.61,1.857,3.979,8.488,1.326,1.326,5.04,7.427,3.714,5.57,1.061,3.714,5.57,Positive_150,1
14.113,7.661,1.008,2.823,5.847,6.653,1.21,12.702,6.048,0.605,9.274,3.831,0.403,4.032,9.476,6.25,3.226,0.605,1.411,2.823,Negative_202,0
18.898,3.937,1.575,7.874,1.575,3.15,6.299,7.087,1.575,2.362,6.299,10.236,1.575,4.724,4.724,5.512,3.15,1.575,2.362,5.512,Positive_130,1
11.419,7.993,0.653,3.1,1.794,6.199,3.752,11.909,2.284,1.794,10.604,1.794,1.468,1.142,7.341,6.199,5.383,1.631,3.426,10.114,Negative_53,0
12.689,12.387,0.604,4.532,0.906,12.085,3.625,6.647,0.906,0.302,6.647,6.647,0.906,0.604,14.502,7.251,3.021,1.813,0.0,3.927,Negative_111,0
3.69,6.642,2.952,0.369,8.118,8.118,7.011,6.642,7.749,3.69,5.535,10.701,1.476,4.059,3.321,9.225,5.904,0.0,2.952,1.845,Negative_203,0
7.308,7.308,2.308,3.462,8.077,6.154,4.615,4.615,5.0,2.692,8.462,3.077,1.923,3.077,10.769,8.077,5.769,1.923,1.923,3.462,Negative_40,0
17.76,7.65,0.273,5.738,1.913,6.011,3.005,10.383,3.552,1.639,10.109,1.913,2.459,1.366,3.279,6.011,4.645,1.639,1.093,9.563,Positive_137,1
8.501,7.606,2.013,3.803,2.685,8.277,6.488,4.922,3.356,4.474,10.515,4.698,2.908,4.027,7.159,8.277,2.908,0.895,1.566,4.922,Positive_194,1
8.712,8.712,3.409,6.061,0.758,7.197,3.03,4.545,1.894,3.409,9.47,4.545,0.758,6.061,6.818,4.924,4.545,1.894,3.409,9.848,Positive_13,1
11.675,6.091,3.046,4.569,0.508,5.584,3.046,7.107,3.553,4.061,10.152,3.046,5.584,2.538,6.599,5.076,5.584,1.015,2.03,9.137,Positive_144,1
10.093,7.835,2.125,5.179,1.992,5.976,3.187,8.234,1.195,3.586,13.811,3.984,1.195,2.922,8.101,7.039,4.25,0.664,0.664,7.968,Negative_164,0
4.556,6.0,4.222,4.444,1.556,7.778,4.889,5.222,3.222,3.333,9.667,6.444,2.222,3.111,5.333,14.889,7.0,0.111,1.333,4.667,Negative_218,0
4.49,4.898,7.347,4.49,3.673,6.122,1.224,6.122,3.265,8.163,4.49,15.102,1.224,4.898,2.449,9.388,4.082,2.041,3.265,3.265,Positive_131,1
12.637,10.806,0.733,3.663,1.832,7.326,6.044,3.846,2.015,2.564,10.073,4.212,2.381,2.198,10.806,7.326,5.128,0.366,1.282,4.762,Negative_112,0
4.348,1.449,5.797,6.522,2.174,13.768,1.449,10.145,0.0,10.87,5.797,7.246,3.623,3.623,2.174,5.797,3.623,2.174,2.174,7.246,Positive_74,1
8.896,3.374,1.84,2.454,3.988,3.067,4.294,9.202,0.92,4.294,11.656,1.84,0.92,4.294,11.043,8.282,4.908,0.613,5.521,8.589,Negative_224,0
10.798,6.103,1.878,5.634,0.939,8.451,3.286,9.39,2.347,7.042,10.329,5.634,1.878,5.634,2.817,4.225,4.225,0.0,3.756,5.634,Positive_63,1
6.612,5.874,3.896,4.044,1.682,6.995,2.981,8.087,2.007,6.375,9.268,6.287,3.778,2.981,4.28,5.756,8.028,2.656,2.066,6.346,Positive_47,1
11.374,8.531,1.896,4.739,1.896,8.531,3.318,8.531,2.37,3.318,11.848,2.37,2.844,2.844,7.109,6.161,4.739,0.474,0.474,6.635,Negative_233,0
2.642,6.792,3.774,2.642,5.66,4.528,2.264,5.66,5.66,9.434,10.566,3.396,3.396,7.547,6.038,3.396,4.151,3.019,3.774,5.66,Negative_11,0
6.329,6.329,5.696,2.532,4.43,3.797,5.063,7.595,3.165,5.063,10.127,5.696,3.797,2.532,3.165,12.025,1.899,4.43,5.696,0.633,Negative_171,0
5.882,3.782,3.782,3.361,3.361,7.773,3.361,6.092,3.361,5.672,9.244,7.773,2.311,3.361,5.672,9.664,5.042,1.05,3.361,6.092,Positive_199,1
7.642,8.242,3.057,3.876,4.421,8.679,4.913,9.607,6.277,1.419,7.642,3.493,1.146,2.129,7.697,8.952,5.349,0.764,1.692,3.002,Negative_108,0
8.663,5.971,1.43,3.448,3.785,6.476,5.803,11.018,3.448,1.43,10.849,3.364,0.925,2.271,11.522,6.981,4.373,2.523,0.925,4.794,Negative_170,0
8.486,4.128,2.064,2.523,2.752,2.982,3.899,9.633,1.835,4.358,13.991,1.835,2.064,6.422,3.44,10.321,5.734,3.44,2.523,7.569,Negative_191,0
7.658,5.491,2.293,3.387,2.272,7.153,7.195,4.986,3.661,2.988,16.116,3.64,1.957,2.861,6.733,7.848,4.124,1.957,1.894,5.786,Negative_193,0
11.852,9.259,2.222,4.444,1.481,11.111,5.185,5.556,2.593,0.741,4.444,6.667,1.852,0.741,9.259,9.63,3.704,2.222,2.963,4.074,Negative_66,0
8.438,5.0,2.5,4.375,4.062,3.438,3.125,4.688,3.75,2.5,15.0,2.5,2.188,6.25,3.75,7.187,3.75,3.75,3.75,10.0,Negative_93,0
8.494,6.178,3.475,4.247,3.475,7.336,5.405,8.494,0.386,1.931,18.919,1.544,0.386,1.931,7.336,10.039,3.475,2.317,1.544,3.089,Negative_28,0
8.817,3.248,3.828,2.088,1.624,4.756,6.497,4.988,0.812,4.872,10.441,7.193,1.508,1.392,8.237,9.513,10.209,0.0,0.58,9.397,Negative_45,0
10.714,7.937,3.373,5.754,1.587,5.556,4.167,7.341,2.579,4.167,11.111,4.365,2.183,4.167,4.762,5.952,4.762,0.794,3.175,5.556,Positive_93,1
7.343,4.212,3.456,4.968,1.404,6.695,3.132,8.423,3.24,7.019,10.907,6.048,3.348,2.484,5.184,6.263,4.968,0.648,3.888,6.371,Positive_4,1
8.278,9.603,0.993,3.974,3.974,9.272,3.642,7.616,1.656,3.311,10.927,2.98,1.656,3.974,7.616,6.623,3.311,2.318,1.656,6.623,Negative_83,0
8.219,5.479,2.74,5.479,2.74,13.699,4.11,4.11,1.37,2.74,8.219,6.849,1.37,2.74,4.11,9.589,8.219,2.74,1.37,4.11,Negative_160,0
8.52,6.278,1.794,2.242,4.484,6.278,8.52,8.969,2.242,0.448,8.52,6.278,2.242,3.587,9.417,5.83,7.175,2.242,1.345,3.587,Negative_37,0
8.629,3.553,2.03,1.523,2.538,5.584,5.076,7.107,1.523,5.584,13.706,8.629,4.061,2.03,5.584,10.66,4.061,1.523,0.508,6.091,Negative_188,0
9.184,1.02,6.122,1.02,3.061,2.041,1.02,4.082,3.061,7.143,23.469,0.0,10.204,3.061,2.041,8.163,5.102,0.0,4.082,6.122,Positive_22,1
11.875,4.792,1.875,2.292,3.125,2.708,2.292,7.917,2.917,3.75,15.417,1.667,2.5,4.375,6.042,6.875,5.208,2.292,4.167,7.917,Negative_86,0
7.128,4.752,7.748,6.715,0.723,5.062,4.132,6.612,1.55,3.616,7.748,4.029,2.996,4.649,6.095,6.612,6.921,1.343,5.888,5.682,Positive_171,1
3.462,8.462,3.846,4.231,0.385,7.308,2.308,8.846,1.538,8.846,10.769,6.923,1.923,3.846,3.846,7.692,4.231,0.769,4.615,6.154,Negative_207,0
5.693,5.941,5.198,5.693,1.733,6.683,5.198,4.95,1.733,4.455,5.941,7.921,2.228,3.96,6.436,9.653,4.95,0.99,2.97,7.673,Positive_174,1
4.861,5.903,3.125,6.25,0.347,10.069,0.694,6.597,1.042,6.597,9.028,9.375,2.083,3.125,4.514,6.25,3.819,0.694,4.167,11.458,Positive_161,1
7.285,5.629,2.649,8.278,1.325,7.285,3.311,6.623,2.649,4.305,9.272,5.629,2.98,5.298,4.305,5.298,6.291,1.656,5.298,4.636,Positive_42,1
6.906,8.287,3.315,6.906,1.105,10.497,4.42,15.47,0.552,1.657,7.735,4.972,1.105,1.934,6.906,8.287,2.486,1.105,1.105,5.249,Negative_143,0
6.849,3.767,1.027,5.137,10.274,6.507,5.822,4.795,2.055,4.11,10.274,6.507,3.082,4.11,6.849,3.767,6.164,1.712,2.397,4.795,Negative_2,0
7.143,5.612,2.551,6.122,0.51,9.694,5.102,6.122,2.551,4.082,14.796,2.041,1.531,3.061,11.224,8.163,3.061,2.041,1.02,3.571,Negative_117,0
7.937,9.127,6.349,4.762,5.159,5.159,2.778,6.746,0.794,1.587,10.317,3.175,2.381,3.968,3.175,9.127,3.968,1.587,3.968,7.937,Negative_24,0
10.386,8.012,2.374,3.264,3.858,2.077,2.671,4.154,3.264,3.264,16.914,3.264,2.374,5.045,3.264,8.309,5.638,1.484,2.374,8.012,Negative_71,0
6.135,8.589,3.067,3.681,1.227,9.202,4.908,9.202,2.454,4.908,5.521,6.135,2.454,4.294,4.294,14.11,3.681,1.84,1.84,2.454,Negative_32,0
7.37,3.812,6.861,5.718,1.779,7.243,3.939,6.734,1.652,7.751,7.37,8.259,1.525,4.828,3.939,7.116,4.066,0.762,3.685,5.591,Positive_107,1
7.627,6.78,2.542,3.39,4.237,6.78,3.39,8.475,4.237,4.237,8.475,5.085,1.695,1.695,9.322,5.932,4.237,0.847,5.932,5.085,Negative_22,0
6.011,14.754,1.093,1.093,3.825,5.464,8.197,3.279,1.093,2.186,1.639,9.836,0.546,2.732,18.579,12.568,1.639,1.093,1.639,2.732,Negative_130,0
9.942,5.556,1.462,4.094,2.632,4.971,5.848,9.357,1.754,0.877,8.772,3.216,1.754,3.801,18.713,7.31,2.339,0.292,2.632,4.678,Negative_174,0
5.957,5.776,2.888,4.874,2.166,7.22,5.957,6.679,1.986,2.527,10.108,3.069,1.625,2.888,11.191,11.552,5.776,1.083,1.083,5.596,Negative_221,0
4.773,9.069,0.955,6.205,0.716,9.069,3.103,9.069,1.432,1.671,12.172,5.489,1.432,1.432,9.547,10.024,5.251,0.955,0.955,6.683,Negative_182,0
8.491,5.818,5.818,7.39,0.943,4.088,5.66,6.761,2.987,5.189,10.22,2.673,2.516,5.031,4.717,5.189,4.56,2.358,4.403,5.189,Positive_116,1
12.195,6.992,3.252,4.553,1.138,6.992,7.317,5.203,2.764,6.179,11.382,3.577,1.138,2.114,7.48,4.715,3.902,1.138,1.789,6.179,Positive_64,1
9.453,2.736,2.736,4.975,1.741,6.219,3.98,6.965,3.731,6.219,7.214,6.716,3.234,4.229,4.478,5.473,6.716,1.99,3.98,7.214,Positive_149,1
4.091,5.909,4.091,6.818,0.455,8.182,1.364,5.455,1.364,5.909,10.455,8.636,1.364,6.364,5.455,4.545,6.364,0.909,3.636,8.636,Positive_80,1
7.174,7.609,1.522,4.783,2.826,7.609,7.826,7.826,1.522,3.913,8.261,5.217,2.174,3.913,7.826,8.913,3.696,0.87,1.522,5.0,Positive_66,1
6.326,8.614,1.884,4.441,2.826,6.999,4.98,8.345,2.826,2.826,10.633,1.884,1.48,4.98,6.595,6.326,4.441,2.557,2.826,8.21,Negative_103,0
7.19,8.17,1.961,3.268,0.654,11.438,1.961,7.19,1.307,5.556,8.824,9.477,2.288,6.209,2.941,5.556,3.922,1.634,2.288,8.17,Positive_142,1
7.025,6.612,3.306,5.785,1.653,8.264,2.893,8.678,2.066,1.653,11.157,8.678,1.653,5.785,2.479,7.025,2.893,0.826,2.066,9.504,Positive_97,1
5.941,2.97,4.95,9.901,1.98,5.941,2.97,5.941,2.97,5.941,6.931,11.881,4.95,5.941,2.97,8.911,4.95,0.0,2.97,0.99,Positive_190,1
7.789,4.421,3.579,4.211,2.737,1.684,3.158,7.789,3.579,5.895,11.579,3.789,1.684,6.737,4.421,4.421,5.263,4.211,6.105,6.947,Positive_3,1
3.597,6.475,2.158,2.878,4.317,6.475,2.158,7.914,1.439,3.597,14.388,7.914,2.158,4.317,7.914,10.791,6.475,1.439,1.439,2.158,Negative_21,0
4.58,3.817,3.053,1.908,3.817,4.58,2.672,2.29,1.908,7.634,15.649,5.725,5.725,4.962,5.344,10.687,4.198,0.382,4.962,6.107,Negative_99,0
6.087,4.348,3.478,0.87,2.609,15.652,2.609,11.304,0.0,7.826,6.957,3.478,0.87,3.478,8.696,6.957,4.348,0.0,3.478,6.957,Negative_50,0
7.029,5.215,2.268,5.442,0.907,5.215,4.535,8.163,2.721,4.989,10.204,6.122,2.721,5.215,5.669,6.122,4.989,1.361,3.175,7.937,Negative_6,0
8.652,6.323,2.163,3.328,0.832,7.488,6.489,6.988,1.83,2.496,8.985,5.324,1.165,1.498,12.812,13.478,6.489,0.333,0.832,2.496,Negative_215,0
9.415,6.87,3.053,6.87,1.272,4.326,4.326,8.142,2.545,3.817,13.232,4.835,2.799,2.545,3.817,6.107,4.58,1.781,2.545,7.125,Positive_145,1
7.801,8.156,1.773,3.901,1.064,3.901,3.901,10.638,2.128,3.546,9.574,1.064,1.418,3.191,17.376,8.156,4.61,2.128,1.064,4.61,Negative_41,0
7.812,2.865,3.646,4.688,1.562,10.938,6.51,3.385,3.125,4.167,11.198,4.948,2.604,2.604,10.677,10.417,4.688,0.781,0.521,2.865,Negative_220,0
4.0,6.0,4.333,6.0,5.333,5.667,5.0,4.0,2.333,5.333,8.0,6.333,1.667,4.333,5.0,8.0,5.667,2.667,1.667,8.667,Negative_7,0
6.21,4.916,4.398,4.787,3.234,6.727,4.01,4.787,2.329,4.269,14.489,5.692,2.587,2.458,5.821,8.409,5.563,1.164,2.458,5.692,Negative_60,0
13.317,6.538,1.211,3.39,1.695,5.569,3.632,8.232,2.179,5.811,6.78,2.179,1.937,4.358,10.896,7.506,4.843,0.969,2.906,6.053,Negative_35,0
5.314,4.831,4.348,4.831,2.899,2.899,1.449,12.56,2.415,3.382,8.213,7.729,1.932,5.314,5.314,10.628,5.314,0.966,1.449,8.213,Positive_53,1
4.769,4.628,3.366,6.452,2.384,9.818,4.909,6.872,1.964,2.805,11.22,4.208,0.842,3.647,8.275,12.062,4.348,1.823,2.244,3.366,Negative_80,0
10.863,6.07,4.153,7.348,0.319,4.313,3.834,8.147,1.917,5.272,6.709,2.875,1.597,2.396,7.188,6.39,7.348,0.479,2.077,10.703,Positive_65,1
5.941,3.3,4.62,7.591,4.95,11.221,3.3,4.62,3.96,3.96,9.571,6.601,1.65,4.62,5.941,2.31,5.611,1.32,2.31,6.601,Positive_91,1
9.459,6.486,3.243,5.946,1.081,6.486,2.973,7.297,1.081,5.405,10.811,6.486,2.703,2.703,4.054,5.946,4.324,1.622,2.703,9.189,Positive_191,1
7.121,5.882,2.167,9.288,0.929,6.811,3.406,6.811,2.167,7.43,10.836,8.05,1.858,3.406,1.858,7.43,6.192,0.619,3.715,4.025,Positive_164,1
11.538,4.121,3.846,3.846,2.198,6.593,4.67,8.242,2.473,5.495,9.341,7.143,1.099,2.198,5.22,5.495,6.044,0.824,3.571,6.044,Positive_68,1
7.595,4.557,3.797,4.304,3.038,7.089,4.557,5.823,1.772,4.304,9.367,8.861,0.759,2.025,8.608,9.114,5.57,1.772,1.772,5.316,Negative_102,0
8.098,7.73,3.313,7.362,1.104,7.975,6.503,6.626,1.472,3.313,6.38,6.503,2.086,2.577,4.663,9.816,4.54,0.859,5.153,3.926,Negative_8,0
6.494,10.39,1.948,5.195,1.299,5.844,2.597,6.494,3.247,3.896,4.545,9.091,4.545,5.844,4.545,4.545,5.844,1.948,1.948,9.74,Positive_16,1
5.479,5.479,8.415,6.654,2.153,3.718,2.74,9.98,2.348,5.479,5.479,4.501,2.153,5.871,4.501,6.262,4.305,3.523,3.914,7.045,Positive_215,1
6.4,4.0,4.8,5.067,1.333,10.133,1.6,8.0,2.133,4.533,12.0,8.8,1.6,5.867,4.533,4.533,3.2,0.8,5.067,5.6,Positive_113,1
6.808,2.874,2.269,2.042,0.53,5.068,9.834,3.858,1.74,5.976,6.203,6.051,2.269,0.908,9.002,12.935,11.422,0.227,1.135,8.85,Negative_81,0
5.0,4.211,4.474,6.579,2.105,5.263,5.0,6.842,5.526,5.0,8.421,2.105,1.316,3.947,5.0,10.789,7.368,2.632,1.316,7.105,Negative_23,0
7.949,10.513,1.795,3.59,2.051,7.179,5.641,7.949,1.795,2.564,10.256,6.154,1.026,4.359,9.744,7.436,2.821,1.026,1.795,4.359,Positive_157,1
5.507,2.899,4.058,4.058,6.667,5.797,1.159,6.667,1.739,4.638,5.797,8.696,1.449,5.797,9.275,6.667,7.826,1.449,4.058,5.797,Positive_123,1
12.698,3.704,3.175,4.762,1.587,7.937,2.116,9.524,1.587,5.291,9.524,8.466,2.646,1.587,4.762,4.762,4.233,0.0,1.587,10.053,Positive_40,1
13.987,7.516,2.505,7.933,0.418,4.593,2.505,8.977,3.758,2.296,9.395,1.67,0.835,3.132,6.889,4.593,6.263,2.923,3.967,5.846,Positive_115,1
2.762,1.657,15.47,5.525,2.21,4.42,1.657,2.762,2.21,11.05,11.602,7.182,2.762,4.972,4.42,4.972,3.867,0.552,3.867,6.077,Positive_139,1
8.584,4.506,4.292,4.292,0.858,5.15,3.648,7.725,3.219,3.648,12.661,5.579,3.219,3.004,4.721,7.082,5.579,1.931,3.863,6.438,Positive_216,1
8.046,9.195,4.598,6.897,2.299,1.149,2.299,6.897,1.149,5.747,12.644,8.046,3.448,3.448,8.046,5.747,1.149,2.299,4.598,2.299,Positive_27,1
10.891,6.931,1.98,4.95,0.99,9.901,7.921,7.921,2.97,0.99,10.891,2.97,1.98,2.97,9.901,5.941,0.99,3.96,1.98,2.97,Negative_225,0
6.434,5.385,4.965,5.944,2.448,6.084,3.986,6.084,3.357,5.175,11.748,5.594,2.028,3.566,4.545,7.413,4.615,0.979,2.657,6.993,Positive_73,1
8.178,4.461,1.487,2.602,2.23,5.204,3.717,12.639,2.602,6.32,4.089,8.178,1.115,3.346,7.435,10.037,7.063,1.115,4.089,4.089,Negative_76,0
5.627,6.65,4.348,6.905,0.512,5.627,3.069,5.627,4.092,5.371,8.44,5.882,3.836,3.325,6.138,6.394,3.325,1.279,5.882,7.673,Positive_41,1
13.486,10.433,1.272,1.527,2.29,4.58,4.071,7.125,1.272,0.763,11.705,2.545,1.781,1.527,12.977,9.16,5.344,2.545,1.272,4.326,Negative_116,0
13.497,7.209,1.534,2.301,0.92,4.294,3.834,10.583,1.994,1.38,8.129,2.914,1.074,1.687,19.632,8.589,5.521,1.227,0.613,3.067,Negative_186,0
6.704,4.63,4.077,4.285,1.382,7.464,6.565,7.395,1.866,7.049,7.602,8.708,2.073,2.419,5.46,4.354,6.22,2.557,2.695,6.496,Positive_85,1
13.043,11.371,1.505,5.351,2.007,10.87,5.686,7.86,2.508,1.171,12.709,1.672,1.003,1.505,5.351,5.518,4.515,0.836,1.003,4.515,Negative_16,0
11.283,4.513,1.269,4.372,0.564,6.488,0.705,5.783,2.68,3.949,5.36,1.834,1.269,1.551,10.719,18.759,12.694,0.423,0.282,5.501,Negative_180,0
6.862,5.55,3.128,5.55,2.422,5.55,5.247,7.669,3.027,2.825,10.293,5.752,1.816,3.835,8.577,8.375,3.532,1.11,3.027,5.853,Negative_109,0
8.333,5.556,3.704,2.778,0.926,5.556,7.407,5.556,2.778,0.0,10.185,8.333,2.778,3.704,10.185,11.111,5.556,0.0,2.778,2.778,Positive_2,1
9.524,3.81,0.0,3.333,3.333,6.667,2.381,7.619,0.952,1.905,10.952,1.429,1.429,1.429,12.381,11.905,7.619,2.381,3.81,7.143,Negative_51,0
13.272,12.586,2.059,3.89,0.915,5.721,4.119,8.696,2.517,0.915,14.188,1.144,1.144,2.746,7.78,5.034,2.975,2.975,1.831,5.492,Negative_189,0
9.705,6.511,2.826,2.948,1.966,6.02,5.037,9.091,2.334,4.177,9.951,2.58,0.737,2.211,9.459,7.74,6.265,1.106,1.72,7.617,Negative_142,0
9.524,8.095,2.381,4.762,1.905,7.619,3.81,8.095,3.333,1.905,8.095,5.238,2.381,1.429,6.19,8.571,4.286,0.476,4.286,7.619,Negative_100,0
8.276,6.897,4.138,2.069,3.448,4.828,5.517,7.586,4.138,3.448,6.897,0.69,1.379,0.69,6.207,15.172,8.276,2.759,1.379,6.207,Negative_179,0
11.752,8.333,1.068,3.846,2.35,4.274,5.128,7.692,2.564,1.923,9.188,3.205,1.923,1.923,10.043,13.034,5.769,0.427,0.641,4.915,Negative_110,0
8.493,5.89,3.288,6.301,1.644,7.26,3.425,8.904,3.288,6.301,6.438,5.616,2.329,2.603,5.342,4.932,5.479,2.192,4.247,6.027,Positive_148,1
12.717,6.358,1.156,1.734,3.468,1.156,5.202,8.671,3.468,1.734,17.341,2.312,2.312,4.046,7.514,4.046,2.89,1.734,4.624,7.514,Negative_68,0
7.966,9.492,1.186,5.085,2.034,7.797,3.051,7.966,1.525,2.712,8.136,4.237,0.508,2.542,13.559,9.831,4.237,1.186,1.186,5.763,Negative_153,0
8.633,7.194,2.158,4.317,1.439,9.353,5.036,4.317,4.317,2.878,3.597,10.072,1.439,0.719,7.914,12.23,5.755,0.719,2.158,5.755,Negative_114,0
5.22,6.044,2.747,4.67,3.022,11.264,2.198,5.769,3.297,2.747,5.495,10.44,1.099,1.099,7.418,13.187,5.769,1.923,1.374,5.22,Negative_115,0
6.406,4.004,4.304,4.605,1.702,6.406,3.504,6.507,2.603,6.707,9.91,4.404,2.503,3.403,7.007,9.209,5.105,1.602,2.803,7.307,Positive_204,1
7.721,4.412,1.103,8.456,0.0,8.456,6.985,8.824,1.471,4.412,9.926,8.824,2.206,3.676,3.309,5.515,5.882,1.103,2.941,4.779,Positive_67,1
5.992,5.525,3.485,4.377,1.785,6.587,5.482,5.185,2.762,4.207,10.242,4.972,1.487,3.655,7.31,11.262,6.757,0.977,1.785,6.162,Negative_128,0
6.902,4.714,4.882,5.051,2.189,6.566,4.04,7.407,2.357,5.556,9.091,7.071,3.03,5.051,3.872,6.229,5.892,1.515,3.199,5.387,Positive_37,1
7.385,4.923,4.923,7.692,0.308,8.0,1.846,4.923,1.231,4.308,11.077,5.231,2.462,4.615,3.077,7.077,6.462,2.462,5.538,6.462,Positive_179,1
5.233,5.814,4.651,2.326,0.581,7.558,1.744,5.233,3.488,6.977,10.465,4.07,3.488,0.581,5.233,10.465,7.558,2.907,2.326,9.302,Negative_46,0
8.595,10.248,0.992,5.289,6.446,5.785,5.455,8.099,1.322,1.488,6.777,6.777,0.826,2.645,10.579,5.95,5.289,1.322,1.322,4.793,Negative_47,0
6.329,3.797,0.0,0.0,1.266,1.266,3.797,13.924,0.0,3.797,6.329,1.266,1.266,5.063,39.241,2.532,2.532,2.532,3.797,1.266,Negative_158,0
9.754,5.868,4.203,4.362,2.696,5.948,4.282,7.613,2.538,4.837,10.23,4.203,2.855,4.52,3.807,6.899,3.965,0.872,2.855,7.692,Positive_189,1
8.417,9.82,3.206,4.409,1.804,6.814,6.012,5.01,3.206,2.004,12.024,7.214,2.806,0.601,6.413,4.008,6.012,1.804,1.804,6.613,Negative_84,0
8.559,9.91,3.604,4.054,0.45,7.207,6.306,7.658,2.252,3.153,11.261,2.252,2.252,1.802,6.757,8.108,4.054,2.703,2.252,5.405,Positive_151,1
7.372,6.09,4.006,5.609,2.244,7.692,4.006,7.372,3.205,3.365,9.455,6.25,3.205,3.526,5.288,2.885,5.288,1.763,3.526,7.853,Positive_154,1
4.462,4.057,5.882,5.477,3.043,4.462,4.665,5.274,3.651,2.028,16.024,4.462,2.028,3.448,5.68,9.128,5.274,1.42,2.84,6.694,Negative_42,0
12.108,7.175,0.224,1.121,13.004,3.587,0.0,3.587,9.193,0.897,6.502,0.448,2.915,1.121,13.004,6.726,6.502,2.466,0.448,8.969,Negative_204,0
15.108,2.158,5.755,5.036,1.439,2.158,3.597,9.353,1.439,3.597,9.353,10.072,2.878,3.597,2.158,4.317,7.914,0.719,2.158,7.194,Positive_126,1
7.979,6.383,3.723,3.191,2.128,4.255,3.191,10.638,3.191,2.128,5.319,8.511,3.191,2.128,9.043,10.106,7.979,0.0,3.191,3.723,Negative_213,0
10.963,7.556,1.778,3.259,3.556,5.778,5.037,6.667,2.074,2.37,8.444,5.63,1.481,2.963,7.704,8.889,5.185,1.037,3.259,6.37,Negative_4,0
8.609,5.464,3.808,4.967,1.821,5.464,3.808,8.113,2.815,5.96,10.43,5.464,2.483,4.139,5.795,3.974,5.464,0.828,3.808,6.788,Positive_29,1
6.961,6.827,6.426,4.418,3.079,4.15,5.89,6.56,1.339,3.213,9.906,5.489,3.079,2.276,3.748,12.316,5.489,0.803,4.016,4.016,Negative_144,0
6.957,0.87,3.478,2.609,0.87,4.348,2.609,2.609,0.0,7.826,24.348,2.609,6.957,6.957,6.957,5.217,6.087,3.478,2.609,2.609,Positive_14,1
5.233,6.977,1.744,6.395,4.651,9.302,4.07,4.651,3.488,2.907,8.721,9.302,1.163,4.651,8.14,3.488,4.651,2.326,2.907,5.233,Positive_34,1
3.721,6.047,6.047,5.581,2.791,7.442,3.256,6.512,2.326,3.256,9.302,5.581,3.721,4.651,6.047,6.512,4.651,0.93,2.326,9.302,Positive_185,1
8.934,3.746,2.594,1.153,0.0,4.611,18.732,10.663,1.441,6.628,4.323,2.594,3.458,0.576,5.764,5.187,7.781,0.0,1.441,10.375,Negative_0,0
8.065,1.613,3.871,3.226,0.645,6.129,2.258,5.161,2.903,4.194,7.097,1.613,1.29,1.613,10.323,15.806,13.871,1.29,1.935,7.097,Negative_140,0
6.395,3.488,2.907,2.907,2.326,4.07,5.814,5.233,4.651,2.907,13.953,4.07,1.744,2.326,9.884,11.628,5.233,2.326,4.07,4.07,Negative_154,0
4.472,5.619,3.211,5.734,2.064,5.161,7.11,4.243,2.867,4.014,11.124,3.899,2.523,2.638,11.124,10.321,5.734,0.803,1.376,5.963,Negative_150,0
11.283,7.419,3.4,6.028,0.309,3.4,4.791,10.355,1.546,4.173,6.646,1.236,0.927,2.628,7.419,7.883,8.81,1.546,3.4,6.801,Positive_79,1
5.502,9.547,0.809,4.207,4.045,6.634,4.045,11.003,5.34,1.942,6.472,6.472,0.647,3.236,12.945,7.282,4.207,0.647,1.294,3.722,Negative_205,0
18.132,4.945,2.198,3.846,0.549,5.495,1.648,7.692,2.198,5.495,12.088,2.198,3.297,0.0,7.143,8.242,6.044,1.648,1.099,6.044,Positive_169,1
7.2,3.2,2.4,4.4,3.6,7.6,2.8,3.2,5.6,4.4,10.4,7.6,4.0,4.8,4.4,8.4,8.0,1.2,1.6,5.2,Negative_61,0
4.598,1.724,2.299,1.724,0.575,5.747,0.0,16.667,0.0,6.897,10.92,1.149,5.747,4.598,2.299,5.747,2.299,2.874,6.322,17.816,Positive_32,1
7.053,4.831,2.705,2.609,0.87,3.188,3.961,6.763,2.415,3.768,7.729,4.058,1.932,4.251,13.237,14.976,9.179,1.353,0.773,4.348,Negative_79,0
10.288,8.296,1.327,4.314,3.54,7.08,5.42,7.854,2.987,1.659,7.854,4.867,0.553,3.65,10.509,7.854,4.757,0.442,2.434,4.314,Negative_123,0
2.778,5.093,5.324,6.019,1.157,9.722,1.157,7.639,2.546,4.861,8.102,6.944,2.083,5.787,3.935,6.481,5.324,2.546,3.935,8.565,Positive_172,1
13.333,6.875,1.25,5.0,0.417,5.208,6.25,4.375,1.25,1.667,10.0,3.125,0.417,2.292,13.125,14.792,5.0,2.083,0.625,2.917,Negative_118,0
8.19,7.328,1.078,5.603,1.94,7.759,5.388,7.974,3.017,2.371,12.5,3.879,0.647,3.448,6.897,8.405,2.371,0.862,2.802,7.543,Negative_3,0
4.45,4.974,3.927,6.021,3.141,6.283,4.712,8.508,2.356,4.974,7.592,6.937,1.571,2.749,5.366,7.33,5.628,1.702,4.319,7.461,Positive_70,1
6.667,6.667,3.333,3.333,6.667,1.667,3.333,5.0,10.0,1.667,6.667,13.333,3.333,0.0,8.333,6.667,5.0,0.0,3.333,5.0,Positive_187,1
10.588,6.275,2.745,2.353,3.137,1.961,4.706,8.235,2.745,2.353,9.412,5.49,3.137,2.745,7.451,10.98,6.667,1.569,0.784,6.667,Negative_77,0
8.268,7.48,4.331,4.724,1.181,7.48,4.331,7.874,3.543,1.181,5.906,5.118,1.575,3.937,9.843,11.024,5.512,1.575,1.969,3.15,Negative_177,0
7.746,6.127,4.855,6.243,1.503,7.052,3.237,5.665,2.775,5.665,9.595,6.474,2.428,4.855,4.624,4.162,4.162,1.387,3.815,7.63,Positive_94,1
10.693,5.149,6.535,7.327,0.0,4.158,4.752,10.099,1.584,3.366,7.921,4.95,2.376,4.752,1.98,8.119,6.337,2.178,3.96,3.762,Positive_119,1
6.494,3.896,2.597,1.299,9.091,7.792,0.0,12.987,6.494,0.0,3.896,12.987,2.597,5.195,7.792,3.896,5.195,1.299,3.896,2.597,Negative_216,0
14.458,9.639,1.807,3.313,0.602,9.94,1.506,10.241,1.506,3.012,16.265,3.313,1.506,2.711,4.819,1.506,3.916,0.904,1.506,7.53,Positive_147,1
6.475,6.025,5.306,4.946,2.878,7.374,3.777,6.565,2.698,3.867,11.96,3.777,1.439,4.137,6.655,9.712,3.597,2.068,2.248,4.496,Positive_44,1
7.207,4.505,2.703,7.207,0.0,15.315,9.91,8.108,0.0,4.505,6.306,2.703,2.703,2.703,9.91,7.207,3.604,0.0,0.0,5.405,Negative_82,0
10.18,5.389,4.192,5.09,0.299,5.09,3.293,7.186,2.096,3.593,10.778,6.287,2.096,4.79,8.383,4.79,4.491,2.395,3.892,5.689,Positive_82,1
11.111,9.259,5.556,1.852,3.704,5.556,5.556,5.556,0.0,1.852,12.963,11.111,1.852,5.556,7.407,5.556,3.704,0.0,0.0,1.852,Negative_49,0
9.524,7.769,3.258,7.519,0.0,6.015,4.511,6.767,3.008,3.509,8.271,2.757,2.506,5.764,5.514,3.008,6.767,1.253,6.266,6.015,Positive_134,1
10.256,4.701,1.068,4.274,2.137,5.342,7.051,7.906,1.709,3.632,12.607,2.137,1.923,2.778,5.128,9.402,8.12,1.709,1.709,6.41,Negative_39,0
11.881,7.426,0.495,4.455,1.485,4.455,8.416,7.426,2.475,1.98,11.881,2.475,0.99,5.446,4.95,5.446,5.941,0.99,2.97,8.416,Positive_178,1
5.814,4.651,5.814,5.814,2.326,8.14,4.651,4.651,5.814,3.488,8.14,5.814,4.651,3.488,4.651,5.814,5.814,2.326,5.814,2.326,Negative_148,0
5.019,5.792,5.019,5.148,3.346,6.178,3.861,5.534,2.574,4.376,9.781,8.237,1.673,2.317,6.435,11.326,4.118,1.287,2.188,5.792,Negative_113,0
0.0,3.39,0.0,0.847,19.492,0.0,7.627,16.949,5.932,0.0,0.847,5.085,0.847,0.0,13.559,22.034,1.695,0.0,0.0,1.695,Negative_234,0
5.042,5.042,4.202,5.882,1.681,7.563,2.521,3.361,3.361,4.202,10.924,6.723,1.681,4.202,4.202,10.924,4.202,1.681,5.042,7.563,Positive_193,1
