PAAC1,PAAC2,PAAC3,PAAC4,PAAC5,PAAC6,PAAC7,PAAC8,PAAC9,PAAC10,PAAC11,PAAC12,PAAC13,PAAC14,PAAC15,PAAC16,PAAC17,PAAC18,PAAC19,PAAC20,PAAC21,PAAC22,PAAC23,PAAC24,PAAC25,PAAC26,PAAC27,PAAC28,PAAC29,PAAC30,id,label
4.43,1.156,3.467,3.563,0.0,2.119,2.504,5.008,1.059,2.408,3.852,3.467,0.578,2.215,1.637,3.563,3.852,0.481,3.467,3.948,4.728,4.797,4.813,4.639,4.649,4.879,4.755,4.407,4.694,4.866,Positive_195,1
5.587,2.465,2.793,3.944,0.328,3.615,1.479,2.629,0.164,2.3,5.422,4.765,0.986,1.479,1.972,2.3,3.779,0.657,0.986,2.793,4.754,5.072,5.082,4.772,5.105,5.256,4.802,5.019,4.949,4.744,Positive_58,1
3.424,4.851,1.427,3.566,0.285,1.854,1.997,4.423,1.284,1.712,5.992,1.141,0.571,1.427,4.423,5.279,1.569,0.285,0.285,3.566,5.171,4.968,5.121,4.958,5.294,4.899,5.045,5.084,5.134,4.966,Negative_183,0
4.862,1.407,1.407,2.559,0.896,3.199,2.047,3.583,1.919,3.199,3.711,3.454,1.663,2.175,2.303,2.815,3.454,1.024,2.047,3.711,4.884,5.223,4.56,4.958,4.768,4.984,4.802,4.75,4.825,4.809,Positive_149,1
2.198,1.831,0.732,4.395,5.494,1.831,2.564,2.93,4.029,2.198,2.198,6.959,1.099,2.93,4.395,1.831,1.465,0.0,0.732,3.297,4.551,5.045,4.748,4.371,4.711,5.157,4.727,4.161,4.615,4.804,Negative_78,0
6.561,2.072,1.036,0.345,1.727,1.727,1.381,5.525,1.036,2.072,6.215,1.381,2.072,3.798,3.798,5.179,2.762,1.727,1.036,3.453,3.997,4.603,4.612,4.397,4.625,4.565,4.505,4.384,4.477,4.935,Negative_146,0
4.151,2.767,1.384,2.767,1.384,6.919,2.076,2.076,0.692,1.384,4.151,3.459,0.692,1.384,2.076,4.843,4.151,1.384,0.692,2.076,4.717,4.874,4.422,5.512,4.611,5.22,4.606,4.341,5.838,5.356,Negative_160,0
7.929,1.982,2.523,1.262,0.901,2.342,2.342,0.541,2.162,1.622,3.604,2.523,0.541,1.622,13.695,8.47,11.173,0.0,0.541,2.162,3.061,3.275,3.376,3.078,3.295,3.305,2.948,3.21,3.152,3.363,Negative_157,0
5.029,2.823,1.676,4.324,0.353,2.382,1.147,4.5,0.97,2.294,4.412,0.794,0.97,1.853,3.0,3.441,3.265,1.147,1.5,4.765,4.776,4.994,4.867,4.748,5.219,4.791,4.956,4.996,5.115,4.892,Positive_55,1
7.066,5.112,0.752,1.504,0.601,3.307,1.052,4.961,2.105,0.601,5.863,0.752,0.752,0.752,2.706,4.059,2.105,1.052,0.601,1.654,4.835,5.181,5.295,5.228,5.531,5.006,5.595,5.224,5.285,5.463,Negative_232,0
4.064,3.636,0.535,2.78,0.963,3.85,2.674,3.957,1.497,1.177,6.203,1.925,0.321,1.711,3.423,4.171,1.177,0.428,1.39,3.743,4.97,5.166,4.739,5.134,5.352,5.235,4.885,4.707,4.962,5.225,Negative_3,0
4.081,4.081,1.597,2.839,0.355,3.371,1.419,2.129,0.887,1.597,4.436,2.129,0.355,2.839,3.194,2.307,2.129,0.887,1.597,4.613,5.394,5.132,5.392,4.715,5.556,5.092,5.506,5.45,5.202,5.717,Positive_13,1
2.323,0.774,1.548,3.097,2.323,3.871,0.0,4.646,1.548,1.548,6.194,6.194,2.323,0.774,1.548,3.871,3.871,0.0,1.548,4.646,4.967,4.709,5.354,3.812,5.094,4.617,4.256,4.92,4.449,5.175,Positive_117,1
3.374,3.139,2.765,2.577,1.5,3.842,1.968,3.421,1.406,2.015,6.231,1.968,0.75,2.155,3.467,5.06,1.874,1.077,1.171,2.343,4.616,4.778,4.588,4.728,4.851,4.976,4.773,4.71,4.911,4.968,Positive_44,1
3.893,4.282,1.557,2.336,2.336,3.114,1.946,5.449,1.946,1.946,3.114,2.336,0.779,1.946,1.557,1.168,3.114,0.0,1.557,3.893,5.203,5.063,4.93,4.875,5.201,5.013,4.894,6.072,5.104,5.377,Positive_8,1
6.783,3.391,0.617,0.925,1.85,0.617,2.775,4.625,1.85,0.925,9.25,1.233,1.233,2.158,4.008,2.158,1.542,0.925,2.467,4.008,4.371,4.99,4.75,4.699,4.654,4.993,4.179,4.934,4.494,4.593,Negative_68,0
5.409,4.173,1.236,1.7,2.009,1.082,1.391,2.163,1.7,1.7,8.809,1.7,1.236,2.627,1.7,4.327,2.936,0.773,1.236,4.173,4.445,4.856,4.682,4.164,4.69,5.015,4.919,4.974,4.981,5.195,Negative_71,0
3.481,2.378,2.463,2.548,1.104,3.312,2.038,3.736,1.189,2.803,4.586,3.567,1.528,2.548,1.953,3.142,2.972,0.764,1.614,2.717,4.868,4.923,4.714,4.921,5.39,5.047,4.878,5.034,4.938,4.847,Positive_37,1
2.437,3.21,2.258,2.377,0.832,4.161,2.615,2.793,1.724,1.783,5.171,3.447,1.189,1.664,2.853,7.964,3.744,0.059,0.713,2.496,4.483,4.798,4.763,4.721,4.702,4.496,4.75,4.523,4.739,4.533,Negative_218,0
5.05,1.792,2.932,2.606,0.652,4.724,1.303,4.235,0.815,1.792,4.072,2.118,1.466,2.606,4.398,3.258,3.421,0.489,1.466,3.909,4.811,5.018,4.564,4.864,4.84,4.854,4.421,4.532,4.92,4.073,Positive_128,1
2.539,3.385,0.846,3.102,2.256,4.513,1.974,2.256,1.692,1.41,4.231,4.513,0.564,2.256,3.949,1.692,2.256,1.128,1.41,2.539,5.385,5.47,4.747,4.956,4.723,5.169,5.193,4.762,5.996,5.087,Positive_34,1
2.935,2.348,2.935,2.935,1.174,4.109,2.348,2.348,2.935,1.761,4.109,2.935,2.348,1.761,2.348,2.935,2.935,1.174,2.935,1.174,5.083,4.283,4.949,4.631,5.229,4.593,5.358,4.967,5.103,5.33,Negative_148,0
2.973,4.46,0.7,2.099,2.011,2.536,1.924,4.984,1.137,0.875,4.984,2.099,0.612,1.486,5.071,5.246,1.486,0.962,1.224,2.71,4.881,5.104,5.045,5.387,4.983,5.069,5.129,4.831,4.948,5.045,Negative_52,0
3.887,3.024,1.62,2.087,0.684,3.311,1.944,3.203,1.332,3.527,6.01,2.987,1.547,2.267,1.764,4.247,2.915,0.612,1.187,3.563,4.921,4.903,4.844,4.74,5.063,4.794,4.714,4.595,4.813,4.893,Positive_186,1
2.084,4.902,1.103,0.858,2.941,4.78,1.716,3.309,3.677,1.716,3.432,3.187,0.368,1.838,1.593,5.638,2.329,0.245,1.961,1.593,5.124,5.743,4.841,5.627,5.71,4.21,4.705,5.388,4.351,5.031,Negative_235,0
3.352,2.579,2.579,4.384,1.031,3.868,3.352,2.579,1.289,1.289,5.158,2.321,1.031,2.579,2.579,7.478,1.805,0.516,1.289,1.805,4.65,5.046,4.673,4.7,4.441,5.117,4.761,4.338,4.568,4.842,Negative_168,0
4.549,5.231,2.047,4.094,1.819,2.047,1.365,2.729,0.91,1.819,4.776,2.957,0.91,1.592,2.729,2.957,1.592,0.227,1.137,2.502,4.6,5.389,5.25,5.063,5.305,5.331,5.06,4.859,5.879,5.276,Positive_100,1
6.886,3.024,1.848,1.343,0.672,4.535,4.031,3.695,1.343,2.687,4.703,2.687,1.343,0.504,4.199,2.519,3.695,0.336,0.504,4.367,4.323,4.674,4.578,4.55,4.836,4.844,3.922,4.625,3.922,4.803,Negative_156,0
1.912,3.441,1.53,0.191,4.206,4.206,3.633,3.441,4.015,1.912,2.868,5.545,0.765,2.103,1.721,4.78,3.059,0.0,1.53,0.956,5.166,5.256,4.269,5.85,5.35,4.052,4.749,5.236,3.79,4.469,Negative_203,0
3.562,2.881,1.624,2.881,1.257,2.881,2.724,3.981,1.571,1.466,5.343,2.986,0.943,1.991,4.452,4.347,1.833,0.576,1.571,3.038,4.744,4.69,4.711,4.939,4.962,4.711,4.872,4.778,4.726,4.957,Negative_109,0
3.742,1.588,2.495,2.721,0.454,2.721,2.835,1.588,1.134,2.041,7.257,3.288,1.588,2.721,3.629,5.783,6.237,0.34,0.794,3.742,4.646,4.264,4.292,4.187,4.108,4.601,4.187,4.261,4.295,4.462,Positive_95,1
4.105,4.753,1.729,1.945,0.216,3.457,3.025,3.673,1.08,1.512,5.401,1.08,1.08,0.864,3.241,3.889,1.945,1.297,1.08,2.593,5.454,5.269,5.164,5.226,5.087,5.61,4.962,4.931,5.384,4.948,Positive_151,1
2.191,1.948,5.357,1.948,0.243,1.461,2.191,5.844,0.974,3.165,2.191,2.191,1.217,1.704,1.704,4.14,4.14,1.704,3.165,3.409,5.051,4.924,4.58,4.644,5.094,4.789,5.14,4.952,4.954,4.98,Positive_129,1
4.849,1.455,2.425,1.94,0.727,3.88,1.94,2.182,0.97,3.395,5.819,4.364,1.455,2.425,2.667,1.455,2.667,0.727,2.425,2.91,5.159,5.344,4.548,4.477,5.237,4.933,4.743,4.997,4.698,5.189,Positive_76,1
1.225,2.449,3.367,8.266,1.531,3.98,0.918,2.143,0.918,1.225,3.367,3.674,1.837,2.755,1.531,4.592,0.918,1.531,0.612,2.143,4.918,4.795,4.217,5.689,5.251,5.528,4.981,5.288,5.4,4.952,Positive_99,1
1.525,0.915,8.544,3.051,1.221,2.441,0.915,1.525,1.221,6.103,6.408,3.967,1.525,2.746,2.441,2.746,2.136,0.305,2.136,3.356,4.623,4.686,4.416,4.347,4.562,4.86,4.369,3.827,4.291,4.791,Positive_139,1
5.428,1.652,2.36,3.54,0.708,4.012,1.652,1.18,2.596,3.304,4.956,4.012,0.944,2.124,1.888,4.248,2.124,0.472,1.888,2.36,4.877,4.723,4.887,4.62,4.386,5.124,4.772,5.17,5.093,4.9,Positive_45,1
4.955,4.46,1.239,1.487,0.743,2.973,1.239,3.468,1.734,1.982,3.964,3.468,1.487,0.743,4.212,5.451,3.468,0.248,1.239,2.725,4.585,5.041,5.049,4.575,4.672,4.872,4.928,4.536,5.626,4.831,Negative_139,0
4.201,2.2,1.133,2.534,0.867,3.067,2.134,4.534,0.6,3.067,5.001,4.734,1.267,2.067,2.2,3.2,2.534,0.067,1.2,4.267,4.777,5.375,4.825,4.698,5.133,4.912,4.754,4.551,5.026,5.075,Positive_21,1
6.516,1.231,2.052,1.95,0.667,2.206,1.796,6.003,0.821,3.592,6.106,3.181,1.796,1.847,2.719,3.232,3.643,0.205,1.796,4.361,4.452,4.706,4.327,4.349,4.561,4.413,4.252,4.413,4.388,4.419,Positive_1,1
5.971,4.664,1.119,2.239,0.746,5.597,2.612,2.799,1.306,0.373,2.239,3.359,0.933,0.373,4.664,4.851,1.866,1.119,1.493,2.052,4.917,4.929,4.713,5.068,4.831,5.453,5.01,4.791,4.869,5.043,Negative_66,0
3.51,4.434,1.109,2.494,2.402,4.619,1.57,5.266,3.695,0.924,3.418,2.309,1.109,2.033,3.049,4.065,1.848,0.277,0.554,1.663,4.831,4.984,4.748,5.385,5.178,4.72,4.884,5.037,4.813,5.073,Negative_54,0
5.058,1.517,1.686,2.698,0.168,3.372,1.18,3.372,1.349,2.698,4.383,5.227,1.517,2.866,1.854,4.046,4.046,0.168,1.012,4.72,4.733,5.506,4.635,4.322,4.862,4.611,4.442,4.508,4.762,4.682,Positive_36,1
18.367,0.36,1.08,1.08,0.54,9.544,1.621,6.122,0.18,0.0,0.36,5.042,0.18,1.08,6.302,5.763,1.08,0.0,0.0,1.08,3.733,3.784,4.053,4.104,4.023,4.104,4.011,3.874,4.322,4.206,Negative_67,0
2.219,2.035,1.849,1.665,2.219,1.11,1.11,1.48,2.219,3.699,8.693,2.404,1.849,4.439,2.219,5.919,4.624,0.0,2.59,4.809,3.938,4.386,4.241,4.252,4.389,4.452,4.478,4.378,4.201,4.135,Negative_161,0
1.823,3.646,0.912,1.823,0.912,2.962,3.873,1.823,2.051,2.051,5.013,3.646,0.455,1.595,6.607,7.291,3.646,0.455,0.912,2.734,3.945,4.3,4.818,4.558,4.566,4.794,4.815,4.465,4.666,4.848,Negative_166,0
3.625,2.573,1.579,3.041,0.994,3.625,1.696,3.859,0.936,3.158,4.269,3.801,1.637,2.047,2.69,2.573,2.398,0.409,1.228,4.035,5.022,5.1,4.965,4.794,5.256,5.02,4.947,4.919,4.972,4.834,Positive_205,1
3.192,2.998,1.741,2.563,0.677,4.062,2.611,2.901,1.306,2.804,4.836,3.047,1.644,1.451,3.337,3.917,2.466,0.677,1.837,2.804,4.99,5.077,4.863,4.983,5.056,4.797,4.644,4.878,4.878,4.962,Positive_153,1
1.815,3.266,1.089,1.452,2.178,3.266,1.089,3.992,0.726,1.815,7.258,3.992,1.089,2.178,3.992,5.444,3.266,0.726,0.726,1.089,4.707,5.209,5.015,4.926,4.861,5.138,4.485,4.732,5.342,5.138,Negative_21,0
4.525,3.771,1.131,2.263,0.754,4.902,2.64,2.263,2.263,1.509,1.885,5.279,0.754,0.377,4.148,6.41,3.016,0.377,1.131,3.016,4.133,4.93,4.382,4.534,5.121,4.995,4.888,5.129,4.99,4.484,Negative_114,0
5.033,1.35,2.824,2.824,0.86,3.315,0.737,4.91,0.614,2.332,4.665,5.156,1.719,1.964,2.087,2.946,2.087,0.491,0.491,4.788,5.027,4.897,4.776,4.641,4.981,5.112,4.467,4.699,5.063,5.145,Positive_214,1
3.121,1.734,2.427,3.988,2.601,5.895,1.734,2.427,2.081,2.081,5.029,3.468,0.867,2.427,3.121,1.214,2.948,0.694,1.214,3.468,4.786,4.818,4.584,4.865,4.566,4.849,4.453,4.839,4.755,4.947,Positive_91,1
4.138,4.327,0.941,2.069,0.564,2.069,2.069,5.644,1.129,1.881,5.079,0.564,0.752,1.693,9.218,4.327,2.446,1.129,0.564,2.446,4.541,4.273,4.7,4.629,4.525,4.626,4.541,5.106,4.889,5.119,Negative_41,0
2.569,4.533,0.151,1.965,1.662,2.72,1.662,2.72,1.511,1.662,9.369,1.511,1.965,0.604,3.022,3.627,2.569,1.209,0.906,3.324,5.419,5.247,4.813,5.257,4.781,5.032,5.003,5.264,5.018,4.902,Negative_33,0
2.555,3.407,0.852,2.555,1.065,3.407,2.981,2.342,1.704,1.065,6.388,5.75,1.277,1.491,3.407,4.685,2.129,0.852,1.065,1.277,5.076,5.495,4.347,4.726,4.87,4.839,4.628,5.154,5.204,5.407,Negative_43,0
3.696,3.167,2.256,3.072,0.768,2.976,2.784,3.408,1.632,1.872,4.607,0.96,1.152,1.824,2.976,2.879,2.688,1.872,1.488,3.072,5.18,5.175,5.222,5.082,5.268,5.015,4.934,4.998,4.919,5.062,Positive_56,1
6.329,5.412,0.367,1.835,0.918,3.669,3.027,1.926,1.009,1.284,5.045,2.11,1.193,1.101,5.412,3.669,2.568,0.183,0.642,2.385,5.109,5.169,4.971,4.793,5.209,4.929,5.054,5.004,5.026,4.651,Negative_112,0
3.307,3.536,2.281,2.623,0.456,2.509,1.825,3.307,1.255,2.395,4.904,2.281,1.483,2.281,3.08,4.334,1.825,0.342,2.509,3.194,5.321,5.219,4.883,4.794,5.035,5.023,4.784,5.162,4.809,5.244,Positive_198,1
4.561,2.219,1.109,1.356,1.479,1.603,2.096,5.177,0.986,2.342,7.52,0.986,1.109,3.452,1.849,5.547,3.082,1.849,1.356,4.068,4.337,4.783,4.582,4.318,4.464,4.673,4.705,4.719,4.684,4.988,Negative_191,0
3.073,4.185,0.915,2.157,1.373,3.4,2.419,4.054,1.373,1.373,5.166,0.915,0.719,2.419,3.204,3.073,2.157,1.242,1.373,3.988,4.955,5.191,5.018,5.094,5.227,5.203,5.164,4.863,5.39,5.315,Negative_103,0
1.613,3.944,1.792,1.972,0.179,3.406,1.076,4.122,0.717,4.122,5.019,3.226,0.896,1.792,1.792,3.585,1.972,0.358,2.151,2.868,5.012,5.32,5.322,4.684,5.443,5.453,5.59,5.294,5.744,5.536,Negative_207,0
5.379,2.59,3.288,3.686,0.0,2.092,2.391,5.08,0.797,1.693,3.985,2.49,1.195,2.391,0.996,4.084,3.188,1.096,1.992,1.893,5.121,4.897,5.144,4.799,4.923,4.995,4.49,5.192,5.041,5.091,Positive_119,1
6.134,4.568,0.653,1.305,1.175,1.305,1.827,7.439,1.566,1.435,3.654,1.044,0.522,0.261,8.092,3.785,4.176,1.044,0.261,2.219,4.701,4.633,4.696,4.835,4.523,4.877,4.698,4.704,5.01,4.858,Negative_122,0
4.619,6.337,0.322,0.967,3.867,2.47,1.826,4.082,3.867,0.43,3.545,2.148,0.107,2.148,2.793,4.082,2.793,0.0,0.537,1.611,5.154,5.251,5.185,5.573,5.654,4.69,4.814,5.61,4.559,4.962,Negative_155,0
4.216,2.342,2.811,2.03,1.249,2.811,2.498,2.654,1.249,2.811,7.808,2.967,1.093,2.967,2.03,4.06,3.436,0.469,1.405,2.342,4.603,4.803,4.678,4.494,4.728,4.989,4.614,4.915,4.598,4.329,Positive_11,1
4.494,2.118,2.953,2.44,0.0,2.889,2.504,4.558,0.642,2.825,4.494,3.403,1.284,1.348,1.797,5.265,3.724,0.513,2.44,3.018,4.652,4.96,4.818,4.596,4.728,4.683,4.665,4.673,4.723,4.794,Positive_207,1
5.589,3.46,0.932,2.295,0.998,2.429,2.096,5.39,1.031,0.466,4.658,2.429,0.599,1.797,7.419,5.822,2.329,0.299,1.231,2.063,4.648,4.536,4.531,4.64,4.709,4.829,4.568,4.768,4.776,4.664,Negative_25,0
8.162,0.96,0.96,1.92,0.0,3.841,0.96,4.801,1.92,2.401,4.801,2.88,0.96,1.44,3.361,4.321,6.241,0.96,0.96,3.361,4.188,4.411,4.378,4.387,4.549,4.533,4.414,5.149,4.668,4.111,Positive_162,1
3.538,2.957,2.375,2.714,1.454,3.005,2.278,3.781,0.776,3.151,3.344,2.375,1.745,1.939,2.472,3.878,3.296,0.679,1.891,3.49,4.94,5.15,4.978,4.725,4.751,4.856,4.848,4.935,4.886,4.792,Positive_222,1
4.916,2.319,2.969,2.597,0.464,2.69,1.392,4.545,1.021,2.597,3.432,1.855,1.113,1.948,4.453,2.226,4.639,1.763,1.577,3.525,5.074,4.642,4.811,4.65,4.588,4.822,4.707,4.817,4.996,4.85,Positive_111,1
4.568,1.218,2.131,2.131,1.675,3.806,2.436,5.481,1.218,3.806,4.72,3.806,1.37,2.284,2.284,1.979,2.284,0.304,0.761,4.872,4.796,5.303,4.628,4.448,4.907,4.437,4.753,4.753,4.559,4.278,Positive_15,1
6.385,6.233,0.304,2.281,0.456,6.081,1.824,3.345,0.456,0.152,3.345,3.345,0.456,0.304,7.298,3.649,1.52,0.912,0.0,1.976,5.181,4.871,5.13,5.118,5.075,4.738,4.967,4.823,4.73,5.045,Negative_111,0
4.315,3.86,1.022,1.93,1.363,4.201,3.293,2.498,1.703,2.271,5.337,2.384,1.476,2.044,3.633,4.201,1.476,0.454,0.795,2.498,4.789,5.06,4.733,5.113,4.535,4.905,4.88,5.065,4.987,5.179,Positive_194,1
9.428,1.964,0.786,3.928,0.786,1.571,3.142,3.536,0.786,1.178,3.142,5.107,0.786,2.357,2.357,2.75,1.571,0.786,1.178,2.75,5.43,4.872,4.617,5.084,4.829,4.54,4.944,5.298,5.104,5.395,Positive_130,1
7.151,2.738,2.13,2.435,0.608,2.738,3.5,4.108,1.369,2.738,6.086,1.826,1.065,2.13,2.738,3.043,2.435,0.0,0.913,2.738,4.916,4.643,4.546,4.661,4.472,4.827,4.506,5.094,5.165,4.68,Positive_102,1
4.477,3.731,2.238,1.119,1.865,2.612,2.984,4.103,2.238,1.865,3.731,0.373,0.746,0.373,3.357,8.207,4.477,1.492,0.746,3.357,4.736,4.53,4.844,4.622,4.69,4.311,4.56,4.325,4.509,4.782,Negative_179,0
3.079,3.351,1.902,3.441,1.358,1.992,1.63,3.26,1.358,1.721,5.162,2.173,0.996,2.173,4.075,6.611,2.083,1.087,0.996,2.807,4.933,5.018,4.79,4.808,4.987,4.972,4.757,4.9,4.813,4.764,Negative_38,0
4.147,0.519,2.073,1.555,0.519,2.592,1.555,1.555,0.0,4.665,14.513,1.555,4.147,4.147,4.147,3.11,3.628,2.073,1.555,1.555,4.569,3.711,4.366,3.773,4.173,3.922,3.463,4.327,4.173,3.916,Positive_14,1
3.686,2.027,0.553,2.764,5.529,3.502,3.133,2.58,1.106,2.212,5.529,3.502,1.659,2.212,3.686,2.027,3.317,0.921,1.29,2.58,4.518,4.475,5.147,4.798,4.574,4.69,4.402,4.445,4.545,4.593,Negative_2,0
1.36,3.496,1.943,1.36,2.914,2.331,1.165,2.914,2.914,4.856,5.439,1.748,1.748,3.885,3.108,1.748,2.137,1.554,1.943,2.914,4.741,4.831,4.764,5.024,5.194,4.633,4.88,4.708,4.978,4.769,Negative_11,0
4.999,3.666,0.667,1.333,1.667,4.0,2.666,2.333,1.667,0.667,11.666,0.333,1.333,0.333,4.667,5.666,2.333,0.333,1.0,3.333,4.296,4.409,4.277,4.693,4.69,4.791,4.638,4.337,4.775,4.43,Negative_194,0
5.049,5.643,0.297,1.188,1.782,2.673,1.485,3.267,2.97,0.297,4.158,1.782,0.594,1.485,9.801,4.455,1.782,0.0,0.891,1.485,5.264,4.909,4.546,5.034,4.975,4.592,4.697,5.024,5.006,4.871,Negative_27,0
4.968,2.67,1.186,2.298,0.705,2.929,2.225,15.053,0.297,1.26,2.076,2.484,0.593,0.927,10.01,1.78,1.631,0.26,0.37,1.409,4.885,4.896,3.258,5.127,4.857,3.506,4.99,4.863,3.545,4.94,Positive_90,1
3.408,4.292,1.01,1.767,1.01,3.03,2.777,2.651,1.136,0.883,7.321,1.262,0.757,2.651,4.418,4.292,3.156,0.757,0.505,4.67,4.829,5.173,4.782,4.855,4.409,4.717,4.65,4.759,4.893,5.178,Negative_19,0
8.11,3.702,1.058,3.702,0.176,1.939,1.234,5.289,1.058,1.939,4.76,0.882,0.882,0.529,2.821,2.292,1.763,0.882,0.529,6.523,5.298,4.932,4.862,5.057,4.787,4.794,4.799,5.04,4.884,5.475,Positive_86,1
4.416,2.688,1.536,2.688,0.384,2.304,3.456,5.761,0.384,2.112,2.88,2.688,0.576,2.304,4.801,3.456,2.88,1.152,0.96,3.072,5.328,4.633,4.949,4.911,5.184,5.252,4.49,5.0,5.078,4.674,Negative_73,0
4.289,1.87,1.759,2.859,0.66,2.969,1.1,4.839,1.1,3.299,2.859,5.168,1.319,1.539,2.749,2.529,3.189,0.55,1.319,4.839,4.903,5.052,4.506,4.831,4.814,5.017,4.511,5.179,5.383,4.999,Positive_218,1
3.649,3.014,1.983,2.776,1.111,3.807,1.983,3.649,1.586,1.666,4.68,3.094,1.586,1.745,2.617,1.428,2.617,0.873,1.745,3.887,4.871,5.071,4.925,5.123,5.252,5.049,4.955,5.086,4.989,5.182,Positive_154,1
3.789,2.997,2.375,3.053,0.735,3.449,1.583,2.771,1.357,2.771,4.693,3.166,1.188,2.375,2.262,2.036,2.036,0.678,1.866,3.732,5.121,5.451,4.957,4.991,5.094,5.138,5.082,4.793,5.243,5.219,Positive_94,1
3.404,4.68,1.063,3.404,0.425,3.616,0.638,2.34,1.063,2.765,4.042,2.34,1.276,2.127,1.702,2.553,2.34,0.0,2.765,4.467,5.192,5.38,5.46,4.748,5.423,4.703,5.371,5.51,5.432,5.768,Positive_101,1
4.277,1.901,0.95,1.901,0.0,3.801,0.95,4.752,3.801,0.95,2.851,5.227,1.425,3.326,1.425,1.901,0.95,1.901,1.901,2.376,5.709,5.453,5.462,5.157,4.799,5.679,5.444,5.339,5.658,4.734,Positive_24,1
4.135,4.385,0.376,1.879,1.128,4.009,3.634,3.508,2.005,1.002,4.636,2.255,0.877,1.378,5.764,4.26,2.255,1.002,0.125,2.506,4.902,4.68,4.764,4.849,5.097,4.747,4.897,5.14,5.13,4.672,Negative_175,0
6.334,6.032,0.754,2.866,0.603,1.81,2.413,3.619,0.603,0.754,5.58,0.905,0.302,0.905,9.954,3.167,2.564,0.453,0.302,1.508,4.376,4.654,5.001,4.767,5.215,5.024,4.834,4.86,4.929,4.911,Negative_167,0
4.804,1.569,1.471,4.216,0.686,5.49,1.274,2.843,1.078,2.255,4.51,4.608,0.49,3.235,2.059,2.255,2.255,0.49,1.176,3.039,5.033,5.371,4.769,5.204,5.048,5.18,4.826,4.766,4.906,5.095,Positive_96,1
2.004,3.149,1.574,2.004,1.718,3.864,1.718,2.29,1.002,1.86,5.439,3.721,1.288,1.718,4.151,5.725,1.574,1.145,1.288,3.435,4.877,5.158,4.907,4.874,4.811,4.93,4.801,5.145,4.922,4.91,Negative_12,0
4.578,1.62,2.817,2.888,1.338,3.24,3.592,3.099,1.268,2.465,5.001,2.395,1.268,2.254,4.366,7.184,5.001,0.282,0.563,2.747,4.385,4.286,4.344,4.118,4.136,4.214,4.037,4.127,4.107,4.281,Negative_101,0
3.011,1.779,2.327,2.053,1.095,2.874,1.232,3.695,1.369,4.927,5.474,4.106,1.095,1.369,2.189,4.516,3.148,1.095,0.821,3.969,4.938,4.768,4.86,4.774,4.776,4.716,4.68,4.721,5.019,4.607,Positive_10,1
4.603,2.013,1.438,2.589,0.0,3.452,3.452,3.164,2.301,3.452,5.178,2.301,1.726,3.452,2.013,4.315,2.589,0.575,1.151,2.301,4.939,5.129,4.467,4.814,4.837,4.494,4.855,4.522,4.772,5.103,Positive_121,1
8.09,1.156,3.082,2.697,0.771,1.156,1.926,5.008,0.771,1.926,5.008,5.393,1.541,1.926,1.156,2.312,4.238,0.385,1.156,3.852,4.115,4.683,4.603,4.474,4.704,5.076,4.678,4.959,4.667,4.493,Positive_126,1
1.43,1.2,3.045,2.445,1.8,3.045,1.938,2.122,1.384,3.645,4.799,3.599,1.107,2.584,3.184,5.906,3.23,1.246,2.077,3.968,4.65,4.435,4.685,4.583,4.596,4.736,4.666,4.792,4.507,4.596,Positive_181,1
5.763,4.082,0.48,2.641,1.441,3.602,1.201,4.803,0.0,0.48,5.523,1.681,0.24,2.161,6.243,3.362,2.401,0.48,0.48,1.921,4.649,4.882,5.362,5.386,5.416,4.906,5.215,5.224,4.793,5.18,Negative_55,0
3.844,4.393,2.197,3.295,1.098,0.549,1.098,3.295,0.549,2.746,6.041,3.844,1.647,1.647,3.844,2.746,0.549,1.098,2.197,1.098,4.845,5.117,4.618,5.112,5.628,5.552,4.904,5.798,5.248,5.401,Positive_27,1
6.556,2.77,2.123,3.047,0.185,2.308,2.955,3.97,1.016,2.585,4.801,1.754,1.57,1.662,2.678,3.047,1.754,0.554,1.201,5.078,4.924,4.968,4.663,4.666,4.901,4.72,4.756,5.035,4.939,4.813,Positive_62,1
2.813,3.069,1.534,2.046,2.813,2.174,1.79,3.452,1.151,2.941,6.905,3.069,1.023,1.79,2.429,3.708,3.069,1.023,1.918,3.58,4.26,4.738,4.532,4.605,4.54,4.971,5.131,4.833,4.987,5.104,Negative_219,0
3.925,4.553,0.471,1.884,1.884,4.396,1.727,3.611,0.785,1.57,5.181,1.413,0.785,1.884,3.611,3.14,1.57,1.099,0.785,3.14,5.125,5.495,5.35,5.312,5.229,5.327,5.094,5.099,5.419,5.139,Negative_83,0
2.222,3.231,3.029,3.029,0.0,2.423,1.01,3.635,0.808,2.019,5.453,5.655,1.414,0.606,2.019,2.827,1.818,1.01,1.212,4.039,5.444,5.213,5.41,5.47,4.9,5.444,5.289,4.836,5.455,5.08,Positive_170,1
5.337,4.303,0.688,2.238,1.836,3.673,2.812,4.074,1.549,0.861,4.074,2.525,0.287,1.893,5.451,4.074,2.468,0.229,1.263,2.238,4.65,4.887,4.676,4.791,5.136,4.477,4.767,5.091,4.811,4.84,Negative_123,0
5.137,3.091,2.214,2.297,1.42,3.133,2.255,4.01,1.337,2.548,5.388,2.214,1.504,2.381,2.005,3.634,2.088,0.459,1.504,4.051,4.685,4.685,4.774,4.477,4.809,4.853,4.753,4.738,4.801,4.756,Positive_189,1
5.749,3.78,1.732,3.071,0.157,1.732,2.441,5.276,0.788,2.126,3.386,0.63,0.472,1.339,3.78,4.017,4.489,0.788,1.732,3.465,4.963,4.81,5.088,4.874,5.062,4.68,4.988,4.685,4.866,5.032,Positive_79,1
2.783,3.223,1.465,2.49,1.611,6.006,1.172,3.076,1.758,1.465,2.93,5.567,0.586,0.586,3.955,7.032,3.076,1.025,0.733,2.783,4.796,4.54,4.65,4.399,4.564,4.551,4.868,4.852,4.607,4.85,Negative_115,0
4.142,2.872,1.603,3.073,0.802,3.54,1.67,4.342,1.603,3.073,3.139,2.739,1.136,1.269,2.605,2.405,2.672,1.069,2.071,2.939,5.172,5.257,4.847,4.989,5.306,5.176,5.098,5.074,5.135,5.181,Positive_148,1
1.807,2.452,1.678,2.065,1.033,2.969,2.84,2.711,2.323,2.582,6.195,2.065,0.904,2.452,3.485,7.099,3.485,0.904,1.549,3.356,4.689,4.57,4.408,4.527,4.484,4.775,4.662,4.67,4.629,4.635,Negative_173,0
3.932,2.458,1.475,3.932,0.0,8.356,5.407,4.424,0.0,2.458,3.441,1.475,1.475,1.475,5.407,3.932,1.966,0.0,0.0,2.949,4.758,4.34,4.04,4.864,4.248,4.406,5.085,4.463,4.826,4.406,Negative_82,0
3.792,2.579,2.73,3.034,0.607,2.579,2.124,4.854,0.91,4.551,5.461,3.186,1.062,1.669,2.882,1.82,2.427,0.0,1.517,3.186,4.906,5.127,4.852,4.964,4.992,5.043,4.799,4.605,5.023,4.72,Positive_61,1
2.911,1.532,2.145,2.145,3.524,3.064,0.613,3.524,0.919,2.451,3.064,4.596,0.766,3.064,4.902,3.524,4.136,0.766,2.145,3.064,4.839,5.024,4.45,5.026,5.013,4.093,4.939,4.72,4.487,4.558,Positive_123,1
4.446,2.141,3.129,2.47,0.659,3.129,3.623,3.129,0.0,3.458,4.94,2.141,1.647,2.799,3.458,1.976,3.788,0.823,1.153,3.293,4.922,5.048,4.729,4.633,4.854,4.701,4.881,4.69,4.682,4.661,Positive_118,1
3.701,2.467,4.023,3.487,0.375,2.628,2.145,3.433,0.805,1.878,4.023,2.092,1.556,2.414,3.165,3.433,3.594,0.697,3.057,2.95,4.878,4.73,4.977,4.87,4.759,4.634,4.803,4.818,4.818,4.79,Positive_171,1
2.043,1.493,4.755,3.458,0.393,2.751,1.69,2.476,0.55,5.266,4.48,4.205,0.982,2.201,2.083,3.891,2.869,0.511,3.105,2.476,4.858,5.013,4.896,4.842,4.969,4.907,4.54,4.837,4.811,4.653,Positive_54,1
3.184,0.988,3.403,4.062,0.0,2.195,2.635,3.842,0.988,2.525,3.513,4.83,1.098,2.635,1.317,4.281,4.391,0.549,2.744,2.744,4.749,5.021,4.572,4.808,4.741,4.746,4.873,4.855,4.873,4.837,Positive_112,1
4.064,3.965,0.694,2.28,0.793,2.974,1.982,4.46,1.09,1.487,5.055,1.784,0.694,1.487,4.262,2.676,2.676,1.09,0.793,4.361,5.366,5.324,4.67,5.3,5.164,5.217,5.336,5.161,4.85,4.945,Negative_94,0
3.928,1.964,1.497,2.806,0.655,7.295,2.899,5.051,1.403,1.59,6.827,1.309,1.029,1.029,4.676,5.611,2.899,0.655,0.561,2.899,4.071,4.317,3.989,4.275,4.227,4.371,4.513,4.685,4.36,4.609,Negative_14,0
4.186,4.745,1.395,3.349,1.395,3.907,5.023,0.558,0.558,2.512,1.674,3.628,2.233,0.837,2.512,1.117,1.395,0.558,3.628,2.791,4.678,5.703,5.443,5.134,5.247,5.021,4.956,5.163,5.475,5.179,Positive_20,1
4.408,3.582,0.964,3.306,0.689,5.235,2.066,3.995,0.964,0.827,4.133,2.342,0.964,0.964,7.301,4.408,2.342,0.689,0.0,3.306,5.044,4.28,4.561,4.771,4.7,4.863,4.905,4.881,4.637,4.871,Negative_126,0
5.317,2.254,2.774,1.85,0.462,2.254,6.415,4.739,1.965,0.809,5.201,2.08,1.676,1.387,6.53,7.224,2.485,0.231,0.809,2.254,3.966,4.198,4.254,4.119,4.154,4.263,4.107,4.081,4.09,4.051,Negative_222,0
5.001,2.607,1.543,1.649,0.266,2.979,4.309,5.373,1.756,1.49,3.298,2.341,1.171,1.171,8.831,6.225,2.713,0.16,1.437,2.873,4.281,4.346,4.141,4.286,4.332,4.432,4.381,4.198,4.192,4.221,Negative_135,0
3.983,2.711,2.102,2.876,0.332,3.928,2.268,4.37,1.272,3.153,3.872,2.655,1.217,1.881,1.992,2.379,2.323,0.608,2.323,2.821,5.125,5.123,5.01,4.872,5.267,5.105,5.142,5.184,5.034,5.069,Positive_83,1
5.246,3.229,0.807,2.287,1.076,2.556,4.439,3.229,1.883,1.21,5.246,1.076,0.538,2.018,4.17,3.632,2.69,0.942,1.749,3.094,4.994,4.636,4.854,4.828,4.992,4.828,5.132,5.061,4.843,4.716,Positive_163,1
2.452,2.697,3.065,1.717,1.839,3.556,2.452,2.943,1.839,2.33,4.537,2.33,1.226,1.839,4.415,4.047,2.82,1.104,1.594,3.311,4.878,5.097,4.711,4.763,4.828,4.711,4.914,4.596,4.75,4.638,Negative_48,0
7.723,4.103,0.724,3.379,0.483,2.172,1.931,4.465,0.724,1.689,5.551,0.966,0.603,1.086,2.655,1.931,2.896,0.483,0.966,4.707,5.165,4.906,5.007,5.076,5.153,5.116,5.091,5.153,5.185,4.911,Positive_110,1
5.082,1.016,2.439,2.033,0.406,3.862,1.423,3.252,1.829,2.643,4.472,1.016,0.813,1.016,6.505,9.96,8.741,0.813,1.219,4.472,3.781,3.718,3.721,3.63,3.444,3.753,3.664,3.702,3.664,3.907,Negative_140,0
5.031,3.645,0.875,1.969,1.021,2.77,1.677,5.468,1.167,0.875,5.76,0.802,0.364,1.896,5.104,4.229,3.354,0.802,0.948,3.864,4.894,4.447,5.012,5.077,5.033,4.721,4.919,4.827,4.736,4.713,Negative_90,0
3.972,2.383,1.986,2.251,1.589,3.707,2.383,3.045,0.927,2.251,4.898,4.634,0.397,1.059,4.502,4.766,2.913,0.927,0.927,2.78,4.722,4.55,4.999,4.856,4.869,4.832,4.717,4.764,4.654,4.743,Negative_102,0
4.019,2.753,1.541,1.487,0.496,1.817,2.257,3.854,1.376,2.147,4.404,2.312,1.101,2.422,7.542,8.533,5.23,0.771,0.44,2.477,4.288,4.447,4.396,4.123,4.385,4.302,4.074,4.396,4.142,4.467,Negative_79,0
2.89,3.016,2.639,2.89,0.88,3.393,2.639,2.513,0.88,2.262,3.016,4.022,1.131,2.011,3.268,4.901,2.513,0.503,1.508,3.896,4.684,5.095,4.899,5.054,5.044,5.044,4.955,5.031,4.668,4.755,Positive_174,1
3.188,2.163,1.821,3.074,0.911,4.44,2.391,2.505,1.025,4.554,6.148,4.782,0.911,1.594,1.708,3.188,2.049,0.114,1.252,2.96,4.801,5.243,4.661,4.905,4.71,5.238,5.159,4.872,4.603,5.03,Positive_152,1
5.067,3.934,1.067,2.6,1.0,3.0,1.6,4.134,0.6,1.8,6.934,2.0,0.6,1.467,4.067,3.534,2.134,0.333,0.333,4.0,4.832,5.116,4.877,4.978,5.083,5.083,5.103,4.963,4.93,4.827,Negative_164,0
5.887,5.063,0.706,2.237,0.706,4.121,1.531,4.827,0.942,0.824,4.003,1.177,0.471,1.531,7.3,5.651,2.119,0.236,0.118,1.766,4.804,5.017,4.615,4.886,5.053,5.06,4.633,5.04,4.784,4.891,Negative_58,0
3.242,1.945,1.296,0.648,4.538,3.89,0.0,6.483,3.242,0.0,1.945,6.483,1.296,2.593,3.89,1.945,2.593,0.648,1.945,1.296,5.192,5.559,4.912,4.206,5.863,4.563,4.59,5.506,5.329,4.361,Negative_216,0
3.988,4.786,1.196,0.798,0.798,1.994,2.792,3.988,2.393,0.798,6.78,1.196,0.399,2.792,4.387,3.191,2.393,0.798,1.196,2.393,4.982,4.862,5.102,4.646,5.261,5.374,4.918,5.502,5.163,5.134,Negative_185,0
3.703,2.91,1.323,3.174,0.264,5.026,2.645,3.174,1.323,2.116,7.671,1.058,0.794,1.587,5.819,4.232,1.587,1.058,0.529,1.851,4.565,4.988,5.115,4.835,4.765,5.068,4.576,4.827,4.622,4.793,Negative_117,0
3.09,2.649,2.501,3.09,1.03,3.532,3.826,2.796,1.766,1.471,4.561,3.973,0.736,1.766,3.237,5.15,3.973,1.324,0.441,1.618,4.339,4.662,4.998,5.014,5.035,5.145,4.904,4.581,4.355,4.439,Negative_31,0
6.255,2.808,1.404,1.404,0.127,4.978,2.042,4.085,1.021,3.574,4.34,2.681,1.277,1.659,2.17,1.149,1.915,0.511,1.787,3.447,5.095,5.462,4.951,4.834,5.189,5.126,5.318,5.075,5.168,5.146,Positive_136,1
3.25,3.151,1.576,2.659,1.182,3.939,3.25,3.644,1.083,1.379,5.514,1.674,0.887,1.576,6.105,6.302,3.151,0.591,0.591,3.053,4.359,4.577,4.517,4.34,4.463,4.724,4.438,4.435,4.853,4.741,Negative_221,0
3.031,2.382,1.083,0.866,2.166,1.949,1.083,4.547,2.815,2.598,7.146,1.732,1.516,3.898,1.732,4.114,2.598,2.166,1.732,3.898,4.921,4.687,4.621,4.149,4.761,5.061,4.496,4.95,4.544,4.759,Negative_209,0
0.0,3.066,0.766,1.533,0.0,4.216,1.916,2.3,2.3,2.683,3.832,5.366,2.3,2.3,4.982,1.916,1.916,1.533,2.3,3.832,4.636,5.799,5.453,5.092,4.913,5.109,4.741,4.903,5.384,4.911,Positive_35,1
4.353,2.763,1.926,2.512,0.921,2.763,1.926,4.103,1.423,3.014,5.274,2.763,1.256,2.093,2.93,2.01,2.763,0.419,1.926,3.433,4.822,5.009,4.9,4.973,5.037,5.09,4.629,4.832,4.935,5.206,Positive_29,1
2.741,4.756,0.403,2.096,2.015,3.305,2.015,5.482,2.66,0.967,3.224,3.224,0.322,1.612,6.449,3.628,2.096,0.322,0.645,1.854,5.448,5.077,4.825,5.248,5.174,4.678,4.935,5.109,4.83,4.857,Negative_205,0
7.531,1.369,1.369,1.369,3.423,2.054,2.054,0.0,1.369,1.369,9.585,5.477,1.369,2.054,2.738,4.793,1.369,1.369,0.685,5.477,4.739,4.08,5.117,4.216,3.856,4.077,4.089,5.103,3.517,4.381,Negative_137,0
3.127,2.189,3.752,1.876,0.469,1.876,1.876,8.442,1.094,1.094,3.283,1.094,3.752,1.563,9.067,5.628,1.72,0.782,1.876,1.876,4.041,4.188,4.47,4.035,4.473,4.478,4.591,4.405,4.43,4.45,Negative_74,0
3.985,2.391,3.188,3.188,1.913,2.072,2.55,3.985,1.753,3.666,3.188,1.275,1.115,1.115,2.231,4.463,3.666,1.435,1.593,3.188,4.723,4.544,4.892,5.12,4.71,4.712,4.99,4.725,5.016,4.611,Negative_124,0
4.728,1.947,1.112,0.835,1.391,3.06,2.781,3.894,0.835,3.06,7.51,4.728,2.225,1.112,3.06,5.841,2.225,0.835,0.278,3.338,4.449,4.562,4.414,4.112,4.559,4.436,5.151,4.34,4.822,4.362,Negative_188,0
4.601,3.473,0.782,1.953,1.042,3.733,2.214,3.473,1.432,1.78,5.425,2.083,0.998,1.606,5.599,5.382,2.344,0.738,1.129,2.387,4.683,4.696,4.625,4.797,4.969,4.946,4.604,4.779,4.748,4.98,Negative_163,0
6.071,3.324,1.734,1.156,0.433,4.336,3.324,6.071,0.578,1.156,2.602,2.891,1.156,0.867,8.094,4.336,2.168,0.723,0.578,3.324,4.177,4.583,4.377,4.487,4.663,4.814,4.605,4.49,4.517,4.364,Negative_64,0
5.473,3.546,0.848,3.16,0.848,4.24,0.925,6.63,1.002,1.156,3.006,3.623,0.617,0.694,5.088,5.011,2.467,0.231,0.462,2.698,4.56,4.852,4.735,4.841,4.816,5.01,4.679,4.984,4.896,4.904,Negative_229,0
3.669,3.891,0.778,2.446,1.445,3.891,4.002,4.002,0.778,2.001,4.224,2.668,1.112,2.001,4.002,4.558,1.89,0.445,0.778,2.557,4.753,5.096,4.743,4.884,4.5,4.978,4.988,4.963,4.815,5.144,Positive_66,1
5.574,3.406,0.722,2.27,1.342,2.787,2.374,4.644,1.548,1.239,6.502,1.342,0.516,1.548,5.677,7.431,2.374,0.413,0.516,1.961,4.595,4.638,4.644,4.644,4.609,4.465,4.424,4.687,4.66,4.449,Negative_104,0
5.483,2.492,3.489,3.489,1.495,2.492,0.498,2.492,0.498,5.483,3.987,1.994,1.495,1.994,3.489,4.984,1.994,0.997,2.492,2.991,4.493,5.042,3.947,3.887,4.697,4.357,4.382,4.857,4.686,5.324,Negative_105,0
5.703,3.38,1.479,1.267,1.69,1.056,2.535,4.436,1.479,1.267,5.069,2.957,1.69,1.479,4.013,5.914,3.591,0.845,0.422,3.591,4.724,4.158,4.551,4.19,4.708,4.36,4.875,4.91,4.845,4.818,Negative_77,0
4.693,3.476,1.911,2.433,0.174,4.345,2.78,2.26,1.216,2.085,4.171,2.607,1.391,1.391,4.171,5.213,5.04,0.0,1.564,2.955,4.259,5.088,4.639,4.332,4.472,4.835,4.622,4.278,4.822,4.779,Negative_34,0
4.457,2.993,1.273,1.91,0.637,3.056,3.311,3.438,2.229,1.655,6.367,1.719,1.082,2.419,2.929,3.757,1.465,0.891,1.528,3.247,4.779,5.119,4.863,4.883,4.943,5.248,4.938,4.913,5.019,4.933,Positive_33,1
3.144,1.965,2.358,2.489,0.655,4.978,0.786,3.93,1.048,2.227,5.895,4.323,0.786,2.882,2.227,2.227,1.572,0.393,2.489,2.751,5.288,5.46,5.158,4.984,5.141,4.822,5.183,5.17,4.684,4.986,Positive_113,1
4.962,1.875,3.528,2.922,0.22,2.04,2.812,4.08,0.551,2.536,4.465,1.929,1.048,2.316,2.37,4.851,5.072,0.772,1.819,4.135,4.583,4.61,4.749,4.469,4.578,4.445,4.6,4.559,4.48,4.624,Positive_167,1
2.515,0.943,1.257,0.943,0.314,3.143,0.0,9.116,0.0,3.772,5.972,0.628,3.143,2.515,1.257,3.143,1.257,1.572,3.458,9.744,4.463,4.509,4.296,4.632,5.116,4.649,4.556,4.602,4.296,4.187,Positive_32,1
2.808,1.685,1.685,1.123,1.123,12.356,4.493,6.178,2.246,0.0,4.493,3.931,1.685,0.562,3.931,6.739,1.685,0.0,0.0,1.123,4.235,3.763,4.165,4.11,4.362,4.324,4.44,3.65,4.752,4.35,Negative_184,0
2.033,3.05,1.627,1.83,0.813,3.05,2.236,3.456,1.627,3.05,5.896,1.627,1.017,3.253,2.236,7.116,2.44,1.83,1.22,2.846,4.83,4.522,4.958,4.64,5.005,4.402,5.029,4.663,4.83,4.87,Negative_227,0
1.95,3.08,1.334,3.182,1.026,3.49,2.669,2.464,1.54,2.361,6.981,3.901,1.54,1.642,1.642,4.004,1.232,0.308,1.745,3.182,4.92,4.962,4.994,4.987,5.253,5.287,4.807,5.403,5.085,5.026,Negative_5,0
3.278,2.595,2.321,2.527,1.707,3.55,2.116,2.527,1.229,2.253,7.647,3.004,1.365,1.297,3.072,4.438,2.936,0.614,1.297,3.004,4.747,4.922,4.491,4.639,4.721,4.932,4.589,4.684,4.993,4.502,Negative_60,0
4.273,2.924,1.912,2.811,0.0,3.824,1.912,3.824,1.799,3.374,3.487,2.362,0.562,3.487,2.362,3.599,3.037,0.562,1.124,2.474,5.011,5.45,4.914,5.03,5.142,4.861,4.948,5.006,4.842,5.088,Positive_141,1
3.086,3.703,1.44,2.674,0.617,3.086,2.057,2.057,1.029,2.469,5.554,3.908,1.44,2.263,1.234,2.674,2.674,0.206,1.851,3.497,5.042,5.191,5.063,5.127,5.731,5.279,5.151,5.027,5.367,5.503,Positive_159,1
2.594,2.594,2.162,3.026,0.865,3.891,1.297,1.729,1.729,2.162,5.62,3.459,0.865,2.162,2.162,5.62,2.162,0.865,2.594,3.891,5.34,5.034,4.105,4.936,4.908,4.656,4.728,4.872,4.826,5.147,Positive_193,1
4.255,3.73,0.758,2.04,0.175,2.506,2.215,5.478,1.632,0.641,6.586,1.165,0.466,2.04,4.079,3.147,2.04,1.457,1.224,3.147,5.166,5.071,5.175,4.863,5.227,5.151,5.246,5.093,4.956,5.273,Negative_17,0
3.051,3.306,2.416,1.399,0.89,3.941,3.433,2.416,1.526,1.78,5.467,4.068,0.509,1.653,3.814,4.196,2.161,0.509,1.526,3.178,4.88,5.142,4.868,4.809,4.673,4.924,5.17,5.088,4.665,4.545,Positive_39,1
9.898,2.7,1.2,2.1,0.3,3.0,0.9,4.199,1.2,3.0,6.599,1.2,1.8,0.0,3.899,4.499,3.299,0.9,0.6,3.299,4.348,4.755,3.876,4.474,4.528,4.804,4.449,4.61,4.992,4.572,Positive_169,1
3.921,3.508,0.929,2.579,1.032,1.341,1.96,4.643,1.754,1.547,4.849,2.992,0.722,1.032,5.675,3.817,3.508,0.929,1.135,4.127,4.812,4.446,5.057,4.654,5.197,4.571,4.968,4.524,4.922,4.851,Negative_29,0
3.591,1.122,1.122,0.673,3.142,1.795,2.693,4.488,2.244,2.019,9.425,0.673,0.225,3.366,3.366,7.63,2.244,2.019,1.122,4.937,4.229,4.377,3.96,4.012,4.273,3.844,4.319,4.49,4.253,4.345,Negative_121,0
6.342,4.497,0.576,2.075,1.268,2.306,2.767,4.151,1.384,1.038,4.958,1.73,1.038,1.038,5.42,7.034,3.113,0.23,0.346,2.652,4.595,4.463,4.56,4.544,4.827,4.8,4.428,4.525,4.7,4.595,Negative_110,0
3.685,5.79,1.579,2.106,1.053,6.141,4.036,3.86,1.404,0.176,3.509,1.755,1.053,0.877,3.334,4.386,2.456,0.702,0.702,1.579,4.87,4.449,4.772,4.662,5.023,5.196,4.77,5.442,5.161,5.472,Negative_138,0
3.175,2.928,1.847,2.319,0.946,3.49,2.905,2.748,1.464,2.229,5.427,2.635,0.788,1.937,3.874,5.968,3.581,0.518,0.946,3.265,4.618,4.708,4.626,4.576,4.838,4.631,4.69,4.801,4.809,4.713,Negative_128,0
5.653,4.684,0.485,2.1,2.423,3.554,1.615,5.976,3.069,0.646,3.231,1.292,0.485,1.938,5.008,4.038,2.423,0.0,0.485,3.069,4.956,4.826,4.756,4.581,5.155,4.714,4.967,5.048,4.03,4.795,Negative_198,0
2.863,2.569,1.982,2.495,0.954,3.963,1.541,3.817,1.248,3.963,4.404,3.523,0.954,2.129,2.789,3.009,3.156,0.22,0.954,4.33,4.669,5.208,4.959,4.667,4.85,4.847,4.71,5.272,5.208,4.748,Positive_28,1
3.045,2.789,2.458,3.302,0.734,5.724,3.339,1.688,0.991,2.422,5.467,5.284,1.504,1.358,1.798,3.119,2.128,0.404,1.211,2.165,4.955,5.032,4.909,4.871,4.95,4.988,4.734,4.912,4.841,4.881,Positive_203,1
2.374,2.883,1.526,3.053,0.169,4.918,0.339,3.222,0.509,3.222,4.409,4.579,1.017,1.526,2.205,3.053,1.865,0.339,2.035,5.596,5.184,4.994,4.491,4.799,5.443,5.665,4.845,5.331,5.509,4.899,Positive_161,1
5.357,3.181,1.841,2.846,0.167,2.176,1.339,3.013,0.837,2.176,6.529,1.339,2.344,2.176,3.683,2.846,2.176,1.339,1.172,3.013,5.039,5.292,4.898,5.26,4.948,4.767,5.396,5.067,4.789,4.992,Positive_50,1
4.598,2.004,2.358,3.066,1.179,3.183,1.533,4.363,1.297,3.773,4.48,3.419,1.887,1.297,1.887,1.651,2.83,0.708,1.768,3.655,5.216,5.03,4.852,4.897,4.926,5.03,4.773,4.788,4.727,4.826,Positive_69,1
6.109,3.491,1.309,1.746,0.873,2.182,0.436,6.982,1.746,4.8,6.545,2.182,0.873,1.746,2.618,5.236,2.182,0.0,0.436,2.618,5.184,4.645,4.402,3.977,4.624,4.726,4.553,4.935,4.388,4.459,Negative_95,0
6.756,4.003,0.125,0.625,7.255,2.001,0.0,2.001,5.129,0.5,3.628,0.25,1.626,0.625,7.255,3.753,3.628,1.376,0.25,5.004,4.988,4.338,4.642,3.682,4.55,4.595,4.104,4.093,4.402,4.812,Negative_204,0
4.042,4.816,0.602,2.58,1.032,3.956,1.548,4.042,0.774,1.376,4.128,2.15,0.258,1.29,6.88,4.988,2.15,0.602,0.602,2.924,5.074,4.757,4.615,4.749,4.955,5.056,5.018,4.866,5.155,5.018,Negative_153,0
2.527,2.155,2.155,2.006,1.635,2.898,2.675,3.047,1.784,3.418,6.465,2.973,1.486,1.932,2.304,4.83,3.567,0.223,1.932,3.716,4.475,4.98,4.47,4.516,4.765,4.583,4.508,4.701,4.551,4.725,Negative_201,0
3.691,2.214,1.476,2.214,0.738,4.428,3.322,1.476,1.107,1.107,5.905,1.845,1.476,3.322,5.167,5.905,1.107,1.845,0.738,2.583,4.513,5.175,4.454,4.255,4.932,5.185,4.942,4.56,4.978,5.34,Negative_200,0
1.398,3.883,2.175,1.087,3.573,4.504,2.485,3.417,3.728,1.708,2.175,6.369,0.466,1.398,1.243,4.349,3.728,0.0,1.864,1.864,4.928,5.362,4.56,5.229,5.321,3.882,4.535,5.476,4.298,4.995,Negative_149,0
6.867,1.526,2.543,2.289,0.0,4.069,3.815,2.543,0.509,2.543,4.832,3.052,1.017,3.306,2.035,3.052,1.526,1.017,1.526,2.798,4.995,4.791,4.687,5.323,5.231,4.987,4.825,4.565,4.934,4.797,Positive_140,1
0.574,2.87,0.0,0.0,13.777,0.574,6.314,9.184,2.296,0.0,1.148,3.444,0.574,0.0,10.907,14.35,1.148,0.0,0.0,0.574,2.814,2.963,3.769,2.374,3.705,3.448,3.421,2.482,3.58,3.708,Negative_231,0
4.584,3.143,1.572,2.882,0.524,3.143,1.441,3.536,0.524,2.619,5.239,3.143,1.31,1.31,1.965,2.882,2.095,0.786,1.31,4.453,5.336,5.578,4.805,4.677,5.302,5.088,4.727,5.462,5.505,5.059,Positive_191,1
4.097,2.652,3.013,2.29,0.482,3.254,1.808,3.254,1.085,2.29,4.459,2.531,0.723,2.772,2.892,3.254,2.652,1.085,1.446,3.736,5.032,5.114,4.958,5.099,5.182,4.938,5.032,5.189,4.997,4.684,Positive_92,1
3.599,2.7,1.6,2.6,1.9,3.8,3.9,2.7,1.4,3.2,3.999,3.2,1.2,2.4,2.6,4.8,2.6,0.3,1.6,2.2,4.78,5.033,4.584,4.871,4.521,4.971,4.801,4.78,4.693,4.673,Positive_221,1
3.13,2.236,1.788,0.447,1.341,8.048,1.341,5.812,0.0,4.024,3.577,1.788,0.447,1.788,4.471,3.577,2.236,0.0,1.788,3.577,5.093,5.057,4.81,5.093,5.553,5.016,4.849,4.401,4.234,4.478,Negative_50,0
3.883,1.195,0.896,3.584,1.195,4.48,0.597,2.688,0.298,2.688,4.182,7.467,1.195,1.493,1.792,3.584,2.091,0.298,1.792,4.182,4.15,4.75,5.124,5.025,5.347,5.263,5.281,4.924,5.223,5.33,Positive_202,1
4.653,3.955,1.163,2.327,0.931,3.722,1.861,3.955,1.628,0.931,3.955,2.559,1.163,0.698,3.024,4.187,2.094,0.233,2.094,3.722,4.316,5.152,4.658,4.578,5.684,5.379,5.377,5.223,5.413,5.364,Negative_100,0
8.273,5.225,0.218,2.612,1.089,3.701,2.612,5.443,0.218,0.653,5.66,0.435,0.218,0.218,5.66,3.266,1.306,0.435,0.218,3.266,4.441,4.908,4.948,4.251,4.545,5.199,5.415,5.029,5.554,4.984,Negative_210,0
5.408,1.957,2.009,2.42,0.103,2.575,2.472,4.584,0.567,3.708,5.254,2.215,2.163,2.781,2.318,3.193,3.451,0.464,1.391,4.996,4.698,4.573,4.565,4.395,4.492,4.749,4.544,4.53,4.714,4.714,Positive_75,1
5.013,2.919,1.459,2.348,2.221,2.284,2.284,3.68,1.396,2.094,5.901,2.157,0.952,2.03,2.284,5.203,2.729,0.698,1.269,3.553,4.699,4.57,4.807,4.948,4.767,5.048,4.898,4.591,4.531,4.665,Negative_223,0
4.559,3.039,2.026,1.52,0.507,3.039,4.052,3.039,1.52,0.0,5.572,4.559,1.52,2.026,5.572,6.078,3.039,0.0,1.52,1.52,5.077,4.653,3.977,5.077,3.66,5.036,4.694,4.313,4.658,4.152,Positive_2,1
5.72,4.004,0.327,1.553,0.899,3.105,1.88,5.966,1.144,0.899,5.312,0.899,0.735,0.572,3.677,3.105,2.697,0.817,1.716,5.066,5.072,4.829,5.205,5.132,4.749,5.433,4.849,4.802,4.952,4.884,Negative_53,0
4.956,1.652,2.596,2.478,0.236,4.72,1.18,4.366,0.59,4.248,3.422,3.776,0.826,1.77,2.006,2.242,2.714,0.708,1.77,3.658,5.158,5.57,4.826,4.717,4.981,5.241,4.801,4.727,5.034,5.034,Positive_60,1
3.107,1.998,1.998,1.775,1.775,4.106,1.775,3.218,1.775,2.996,4.882,4.106,1.221,1.775,2.996,5.104,2.663,0.555,1.775,3.218,4.4,5.023,4.917,4.513,4.579,4.798,4.764,4.672,4.791,4.725,Positive_199,1
0.0,2.375,0.0,0.593,13.654,0.0,5.343,11.873,4.155,0.0,0.593,3.562,0.593,0.0,9.498,15.435,1.187,0.0,0.0,1.187,2.82,2.816,2.837,2.62,2.928,3.1,3.033,2.82,3.25,3.727,Negative_234,0
2.318,2.822,3.225,2.822,1.209,3.024,2.62,4.233,0.907,1.613,3.628,3.628,1.814,1.209,2.318,3.427,2.318,1.411,2.116,2.822,4.847,5.107,4.966,5.151,5.206,5.305,4.592,5.114,5.139,5.087,Positive_88,1
6.072,3.168,1.584,2.376,0.264,2.904,1.584,3.696,1.848,2.112,5.28,1.584,2.904,1.32,3.432,2.64,2.904,0.528,1.056,4.752,4.948,5.289,4.805,4.803,4.966,4.766,4.47,4.675,4.782,4.491,Positive_144,1
3.434,2.837,1.045,4.479,0.448,3.285,1.643,3.285,1.045,3.583,5.226,3.882,0.896,1.643,0.896,3.583,2.986,0.299,1.792,1.941,5.139,5.469,5.158,4.963,5.107,5.102,5.17,5.298,5.151,5.218,Positive_164,1
4.139,3.951,1.693,3.763,0.564,4.076,3.324,3.387,0.752,1.693,3.261,3.324,1.066,1.317,2.383,5.017,2.321,0.439,2.634,2.007,4.697,4.989,4.812,5.145,5.001,4.794,4.644,5.014,4.971,4.82,Negative_8,0
6.986,4.851,0.582,0.97,0.0,6.015,3.299,4.463,0.97,0.194,6.015,1.552,0.582,0.388,5.045,3.493,1.94,0.0,0.0,3.299,4.824,5.298,4.903,5.356,4.887,4.708,4.854,5.082,4.963,4.48,Negative_136,0
2.782,2.461,1.338,2.89,0.803,3.585,2.301,3.104,1.766,2.355,5.726,2.997,1.07,2.087,3.532,4.388,3.371,0.589,1.766,3.371,4.486,4.925,4.737,4.763,4.922,4.909,4.807,4.684,4.893,4.593,Positive_196,1
2.507,2.433,1.769,3.391,1.253,5.16,2.58,3.612,1.032,1.474,5.897,2.212,0.443,1.917,4.349,6.34,2.285,0.958,1.179,1.769,4.749,4.73,4.799,4.644,4.804,4.596,4.649,4.886,4.709,4.872,Negative_80,0
1.827,3.654,3.654,2.436,0.609,1.827,3.045,4.264,0.0,3.045,4.873,3.654,1.827,1.218,1.218,2.436,1.827,0.0,3.045,4.264,5.148,5.372,5.852,4.719,5.177,5.413,5.236,4.724,4.366,5.267,Positive_213,1
7.465,4.634,0.515,3.346,0.0,3.089,0.772,2.832,1.287,3.089,4.634,0.257,1.287,0.772,3.346,2.832,2.832,0.515,1.802,3.346,4.734,5.602,5.189,4.432,4.712,5.97,5.403,4.78,5.289,5.237,Positive_206,1
0.58,4.351,1.161,0.87,0.29,1.45,3.481,9.573,1.45,0.29,0.87,1.161,0.87,2.611,8.412,7.252,2.611,0.58,2.901,1.161,5.024,4.954,5.065,4.756,4.749,4.873,4.954,4.707,3.967,5.026,Negative_129,0
4.403,2.609,1.304,2.283,2.119,1.794,1.631,2.446,1.957,1.304,7.827,1.304,1.142,3.261,1.957,3.75,1.957,1.957,1.957,5.218,4.401,4.524,4.665,5.21,4.837,4.547,4.793,4.8,5.017,5.027,Negative_93,0
2.915,3.295,0.38,1.901,1.14,4.816,4.182,3.295,1.647,1.521,6.337,1.901,1.014,1.521,3.549,4.436,2.535,0.634,0.887,3.675,4.495,4.784,4.97,4.658,4.789,5.006,4.895,4.802,4.815,5.207,Negative_165,0
2.003,3.005,2.17,3.005,2.671,2.838,2.504,2.003,1.168,2.671,4.006,3.171,0.835,2.17,2.504,4.006,2.838,1.336,0.835,4.34,4.745,5.353,4.637,4.88,5.333,5.083,4.757,4.82,5.033,5.285,Negative_7,0
6.315,5.506,0.729,2.591,0.972,5.263,2.753,3.806,1.214,0.567,6.154,0.81,0.486,0.729,2.591,2.672,2.186,0.405,0.486,2.186,5.304,5.161,4.747,4.866,5.142,5.45,4.796,5.43,5.462,5.222,Negative_16,0
2.243,1.282,5.448,3.044,0.801,3.205,1.282,3.525,0.801,4.006,4.647,3.685,1.442,2.724,1.603,2.884,3.685,0.481,2.403,3.525,4.75,4.707,4.512,4.884,4.526,4.623,4.808,4.763,4.789,4.924,Positive_52,1
7.012,4.341,0.668,3.339,0.501,2.337,0.835,4.675,1.168,1.503,4.341,0.668,1.168,1.336,1.836,2.003,4.007,0.668,0.501,5.676,5.128,5.847,4.919,5.086,4.984,5.465,5.15,4.729,4.938,5.171,Positive_87,1
3.697,2.718,1.631,3.48,0.87,2.283,1.957,3.806,1.414,3.153,3.371,3.915,1.305,2.175,2.066,2.392,3.371,0.979,1.522,3.045,5.259,5.347,5.033,4.907,4.765,5.17,4.927,5.21,4.974,5.259,Positive_217,1
1.572,2.358,2.672,2.043,2.2,5.972,1.415,2.829,0.943,4.087,2.986,3.615,1.1,2.515,2.829,1.729,2.358,1.1,2.358,3.143,4.945,5.526,4.768,4.788,5.184,4.761,4.95,5.212,5.015,5.027,Negative_206,0
3.778,4.996,0.853,1.706,0.975,3.412,2.681,3.778,0.853,1.219,4.874,2.925,0.488,2.072,4.631,3.534,1.341,0.488,0.853,2.072,5.394,5.259,5.164,5.035,5.268,5.349,5.572,5.456,4.895,5.083,Positive_157,1
1.957,3.18,3.18,2.935,1.468,3.913,1.712,3.424,1.223,1.712,4.891,2.935,1.957,2.446,3.18,3.424,2.446,0.489,1.223,4.891,4.69,4.162,4.74,4.375,4.837,4.572,4.877,5.098,4.845,5.224,Positive_185,1
2.908,4.02,0.941,2.737,1.283,3.678,2.652,2.994,1.796,0.599,5.731,3.251,1.112,1.626,4.448,7.185,2.395,0.256,0.684,2.138,4.638,4.911,4.588,4.578,4.887,4.677,4.751,4.989,4.656,4.887,Negative_88,0
2.983,4.772,0.895,2.386,0.597,2.684,1.193,2.983,1.491,1.789,2.087,4.175,2.087,2.684,2.087,2.087,2.684,0.895,0.895,4.473,5.764,5.881,5.105,4.676,5.254,5.831,4.946,5.245,5.759,5.61,Positive_16,1
8.245,3.128,0.853,1.564,1.422,3.27,3.128,4.834,1.137,0.711,6.255,0.569,0.426,1.137,7.534,4.691,1.848,0.711,0.426,3.128,4.412,4.25,4.74,4.481,4.473,4.646,4.481,4.682,4.423,4.396,Negative_192,0
3.948,2.961,0.494,2.961,6.908,1.974,2.961,3.948,1.974,1.974,5.428,0.494,1.974,1.481,3.454,3.454,4.441,0.987,1.974,1.481,4.709,4.526,4.421,3.852,4.443,4.637,4.358,4.355,4.681,4.75,Negative_176,0
7.194,3.709,0.674,2.698,0.225,2.81,3.372,2.36,0.674,0.899,5.395,1.686,0.225,1.237,7.081,7.981,2.698,1.124,0.337,1.574,4.546,4.524,4.249,4.756,4.691,4.81,4.591,4.535,4.627,4.718,Negative_118,0
4.753,3.473,1.188,1.828,0.457,4.113,3.565,3.839,1.005,1.371,4.936,2.925,0.64,0.823,7.038,7.404,3.565,0.183,0.457,1.371,4.422,4.62,4.436,4.779,4.34,4.62,4.746,4.194,4.469,4.441,Negative_215,0
4.614,3.223,0.44,1.611,0.805,3.809,3.369,4.981,1.172,0.659,5.054,2.563,1.025,1.098,8.203,4.541,2.417,0.659,0.586,3.443,4.532,4.529,4.629,4.48,4.464,4.605,4.616,4.67,4.439,4.762,Negative_226,0
6.814,4.543,0.852,1.561,0.284,4.685,0.71,4.827,0.71,1.42,7.666,1.561,0.71,1.278,2.271,0.71,1.846,0.426,0.71,3.549,5.588,5.302,4.843,5.114,5.26,5.295,5.243,5.086,5.778,5.359,Positive_147,1
2.146,4.292,0.429,2.146,1.717,4.292,2.146,3.863,1.717,3.863,2.575,4.721,1.288,1.717,3.005,0.429,2.146,0.859,1.717,0.429,5.619,5.639,5.739,5.2,5.814,5.212,5.621,5.136,5.141,5.382,Positive_7,1
2.251,2.026,2.026,2.026,0.45,3.152,2.026,3.377,0.901,3.152,5.629,2.702,0.45,2.477,2.927,4.278,2.026,1.351,2.702,4.278,5.151,5.252,5.164,5.036,5.43,5.046,4.494,5.31,5.124,3.786,Positive_43,1
6.631,5.629,0.125,2.002,1.001,3.878,3.503,3.628,0.25,0.876,5.755,1.126,0.751,1.001,5.129,3.503,1.876,0.375,0.25,2.002,4.904,5.217,5.018,4.946,5.427,5.217,4.712,4.833,5.328,5.106,Negative_230,0
3.795,2.177,1.786,2.567,0.726,3.46,1.618,4.353,1.674,3.627,5.636,3.125,1.73,1.284,2.679,3.236,2.567,0.335,2.009,3.292,4.806,5.149,4.945,4.759,4.907,4.793,4.713,4.69,4.604,4.958,Positive_4,1
2.586,3.233,3.645,1.763,1.235,2.822,2.175,3.41,0.705,3.703,4.938,2.645,1.352,1.646,1.763,2.704,3.527,1.646,1.293,3.292,4.918,4.986,4.933,4.908,5.073,5.156,4.63,4.906,5.429,4.978,Positive_120,1
4.426,3.261,0.932,1.165,2.329,3.261,4.426,4.659,1.165,0.233,4.426,3.261,1.165,1.863,4.892,3.029,3.727,1.165,0.699,1.863,4.961,4.881,4.67,4.229,5.255,4.634,5.05,4.865,4.779,4.725,Negative_37,0
5.228,4.738,0.245,1.225,2.941,4.085,1.307,4.166,3.023,0.163,3.105,3.023,0.735,1.961,4.657,4.166,2.206,0.163,0.981,2.451,5.067,5.295,4.749,4.835,5.436,4.647,4.981,5.497,4.207,4.716,Negative_107,0
3.826,1.701,1.275,2.338,1.913,4.039,1.488,1.701,2.976,2.338,5.527,4.039,2.126,2.551,2.338,4.464,4.251,0.638,0.85,2.763,4.762,4.437,4.801,4.618,4.995,4.623,4.565,4.602,4.488,4.966,Negative_61,0
6.083,5.768,0.944,1.783,0.419,2.622,1.888,3.986,1.154,0.419,6.503,0.524,0.524,1.259,3.566,2.307,1.363,1.363,0.839,2.517,5.532,5.777,5.067,5.257,5.527,5.456,5.406,5.218,5.582,5.346,Negative_189,0
2.176,2.374,3.561,2.176,1.78,2.968,0.593,2.968,1.583,3.957,2.176,7.321,0.593,2.374,1.187,4.551,1.979,0.989,1.583,1.583,5.267,5.373,5.17,5.119,5.0,5.126,4.624,5.446,5.536,4.864,Positive_131,1
7.393,4.013,0.528,1.479,3.063,3.485,0.634,6.654,3.168,0.317,4.858,2.007,0.211,2.112,4.964,3.274,1.69,0.317,0.739,1.479,4.66,4.971,4.476,4.927,5.141,4.5,4.908,5.11,4.227,4.696,Negative_202,0
5.369,3.417,0.976,2.44,0.488,4.881,3.905,3.905,1.464,0.488,5.369,1.464,0.976,1.464,4.881,2.929,0.488,1.952,0.976,1.464,4.419,4.851,5.065,5.208,5.304,5.91,5.375,4.949,4.887,4.737,Negative_225,0
3.38,1.665,1.816,3.128,0.707,3.784,1.716,3.583,0.959,2.422,4.541,6.358,1.261,1.514,2.22,4.289,2.119,0.656,1.615,3.431,5.088,5.073,4.761,4.682,5.024,4.897,4.835,4.746,4.848,4.881,Positive_71,1
2.672,2.969,2.375,1.188,0.297,3.859,0.891,2.672,1.781,3.563,5.344,2.078,1.781,0.297,2.672,5.344,3.859,1.484,1.188,4.75,5.078,4.941,5.178,4.769,4.726,4.963,4.448,5.076,4.746,5.009,Negative_46,0
7.163,3.07,0.853,4.776,0.682,2.046,3.07,3.922,1.194,2.558,6.651,2.217,1.194,1.365,2.046,2.729,2.046,0.0,1.023,2.388,4.809,5.133,4.605,4.48,5.217,5.138,4.87,4.804,4.814,5.138,Positive_59,1
5.223,3.869,1.644,2.805,0.774,2.708,2.031,3.578,1.257,2.031,5.416,2.128,1.064,2.031,2.321,2.901,2.321,0.387,1.548,2.708,5.301,5.408,4.694,5.284,5.216,5.057,5.15,5.001,4.955,5.189,Positive_93,1
2.419,2.199,3.188,2.969,1.649,2.419,2.529,2.859,1.979,1.099,8.686,2.419,1.099,1.869,3.079,4.948,2.859,0.77,1.539,3.628,4.67,4.74,4.29,4.767,4.45,4.653,4.393,4.466,4.716,4.648,Negative_42,0
3.741,1.935,3.482,2.902,0.903,3.676,1.999,3.418,0.839,3.934,3.741,4.192,0.774,2.451,1.999,3.612,2.064,0.387,1.87,2.838,4.88,5.403,4.687,4.779,5.043,4.888,4.753,4.89,5.121,4.797,Positive_107,1
2.452,1.022,3.474,2.248,0.409,3.27,1.431,4.7,1.431,3.065,6.13,5.313,0.613,1.022,1.022,3.27,4.291,0.817,1.022,5.517,4.677,5.086,4.527,4.464,4.435,4.916,4.944,4.703,4.863,4.868,Positive_57,1
3.634,1.982,1.652,1.652,1.322,2.313,3.304,2.974,2.643,1.652,7.929,2.313,0.991,1.322,5.617,6.608,2.974,1.322,2.313,2.313,4.154,4.069,4.265,4.302,4.202,4.052,4.444,4.171,4.89,4.628,Negative_154,0
2.252,2.517,1.987,3.047,1.59,3.18,2.385,4.306,1.192,2.517,3.842,3.511,0.795,1.391,2.716,3.71,2.848,0.861,2.186,3.776,4.79,4.863,4.79,5.134,4.876,5.086,5.144,4.909,4.767,5.033,Positive_70,1
6.715,3.608,1.203,3.808,0.201,2.205,1.203,4.31,1.804,1.102,4.51,0.802,0.401,1.504,3.307,2.205,3.007,1.403,1.904,2.806,5.389,5.286,5.262,5.021,5.3,5.062,5.173,4.846,5.418,5.238,Positive_115,1
2.526,2.526,1.579,2.526,0.948,4.106,1.579,4.737,1.263,3.158,3.474,3.158,1.579,2.526,1.895,2.211,1.579,0.948,1.263,4.422,5.067,5.741,5.288,5.422,5.244,5.312,4.767,4.976,4.952,5.23,Positive_155,1
3.89,4.473,3.112,2.334,2.528,2.528,1.361,3.306,0.389,0.778,5.056,1.556,1.167,1.945,1.556,4.473,1.945,0.778,1.945,3.89,4.291,5.024,4.766,4.901,5.19,5.291,5.183,5.403,5.56,5.381,Negative_24,0
2.081,3.236,0.809,1.618,3.467,4.508,3.467,3.814,3.814,2.428,3.236,4.392,0.347,2.196,3.006,4.739,2.312,0.0,1.503,0.578,4.9,5.323,4.617,5.315,5.16,4.238,4.702,5.235,4.287,4.671,Negative_199,0
2.377,4.517,0.476,3.09,0.357,4.517,1.545,4.517,0.713,0.832,6.062,2.734,0.713,0.713,4.755,4.992,2.615,0.476,0.476,3.328,5.252,4.734,4.955,4.935,5.037,5.306,4.634,5.115,4.933,5.296,Negative_182,0
5.071,2.313,1.423,2.58,0.712,2.669,1.957,4.003,1.156,2.402,4.181,3.202,0.712,2.491,3.114,3.647,2.402,0.89,1.513,3.647,4.926,5.286,5.054,4.788,5.236,4.723,4.938,5.221,4.981,4.761,Positive_19,1
4.205,5.007,2.003,1.402,3.805,3.805,2.203,3.205,1.802,1.001,5.007,2.804,0.4,1.001,3.205,2.203,1.802,0.601,0.4,3.205,4.715,5.172,5.307,5.034,5.14,5.152,5.545,5.083,5.002,4.784,Negative_195,0
5.918,1.915,1.392,2.611,0.87,3.656,2.263,4.874,0.87,2.785,3.307,3.481,0.696,1.741,1.915,2.611,2.611,1.044,0.87,4.351,4.874,4.851,5.195,4.869,5.13,4.941,4.774,5.25,5.003,5.332,Positive_197,1
5.198,1.961,2.648,2.059,0.784,2.648,2.059,4.315,0.882,3.04,4.217,3.334,1.863,2.059,2.942,3.432,3.138,0.588,1.079,4.217,4.704,4.795,4.633,4.593,4.94,4.709,4.63,4.677,4.932,4.921,Positive_17,1
3.987,2.263,1.832,2.156,1.401,0.862,1.617,3.987,1.832,3.018,5.927,1.94,0.862,3.449,2.263,2.263,2.694,2.156,3.125,3.556,4.904,5.142,4.679,4.709,4.978,4.917,4.653,4.96,4.96,4.909,Positive_3,1
6.747,2.699,0.759,2.615,0.337,3.88,0.422,3.458,1.603,2.362,3.205,1.097,0.759,0.928,6.41,11.218,7.591,0.253,0.169,3.29,4.117,4.049,3.812,4.025,4.108,4.165,4.019,4.093,3.974,3.836,Negative_180,0
2.713,2.466,2.22,2.466,1.48,1.48,0.74,6.412,1.233,1.726,4.193,3.945,0.986,2.713,2.713,5.425,2.713,0.493,0.74,4.193,5.273,5.38,4.944,4.65,4.969,4.699,4.934,4.719,4.888,4.495,Positive_53,1
5.632,4.224,0.939,2.347,0.939,4.224,1.643,4.224,1.173,1.643,5.867,1.173,1.408,1.408,3.52,3.051,2.347,0.235,0.235,3.285,5.098,5.318,4.62,5.422,5.31,5.34,4.875,5.058,5.055,4.389,Negative_233,0
4.129,3.571,1.562,2.232,1.339,2.455,2.232,2.902,1.227,1.004,5.022,1.674,0.781,1.897,5.022,5.691,3.237,1.339,1.004,3.906,4.74,4.805,4.768,4.698,4.847,4.768,4.949,4.714,4.711,4.774,Positive_124,1
3.034,1.517,2.528,5.056,1.011,3.034,1.517,3.034,1.517,3.034,3.539,6.067,2.528,3.034,1.517,4.55,2.528,0.0,1.517,0.506,3.715,4.769,3.909,4.323,5.14,5.392,4.723,5.653,6.026,5.285,Positive_190,1
3.995,3.525,2.115,4.23,1.41,2.35,1.88,3.055,0.47,0.94,4.465,2.585,1.175,2.35,1.175,2.82,2.115,1.41,1.88,3.29,5.51,4.759,5.354,5.25,5.474,5.484,5.505,5.137,5.184,5.111,Positive_25,1
5.404,1.801,3.303,1.801,0.0,3.903,1.501,3.903,1.201,3.002,6.005,3.603,1.801,1.501,2.102,3.002,1.801,0.0,1.501,5.104,4.822,4.921,4.433,4.323,4.412,5.091,5.117,5.005,5.237,4.396,Positive_146,1
4.131,2.224,2.648,3.92,0.318,3.072,1.271,3.602,1.483,2.966,3.92,2.437,1.059,2.86,3.39,3.39,2.542,0.53,2.542,2.331,4.962,5.003,5.008,5.16,4.671,5.213,4.735,4.717,5.081,4.813,Positive_106,1
8.212,3.099,1.549,3.564,0.62,2.014,1.549,5.578,0.62,3.099,3.564,1.085,1.549,1.859,2.634,2.789,3.409,0.465,0.93,3.718,4.832,4.837,4.757,5.066,4.874,4.752,4.84,4.606,4.876,4.656,Positive_72,1
4.347,3.933,2.277,2.484,0.621,3.933,2.277,4.14,1.863,0.621,3.105,2.691,0.828,2.07,5.175,5.796,2.898,0.828,1.035,1.656,4.335,4.124,4.616,5.055,4.91,5.055,4.787,4.866,4.863,4.813,Negative_177,0
7.129,3.5,0.648,1.815,0.907,2.981,1.944,4.407,1.167,3.111,3.63,1.167,1.037,2.333,5.833,4.018,2.593,0.519,1.556,3.241,4.484,4.813,4.559,4.385,4.81,4.666,4.743,4.596,4.518,4.891,Negative_35,0
2.676,1.606,2.676,1.784,1.249,3.211,1.427,2.141,2.855,3.746,5.531,3.033,1.071,4.639,2.498,1.962,2.676,1.962,3.568,1.962,4.882,5.052,4.522,4.537,4.992,4.597,4.671,4.82,4.974,4.679,Positive_9,1
3.57,1.7,2.21,2.38,1.36,2.89,3.06,3.91,1.36,2.89,5.78,2.89,1.7,2.38,3.06,3.4,1.53,1.02,1.53,3.4,4.445,5.347,4.861,4.697,4.523,4.994,4.957,4.525,4.814,4.819,Positive_219,1
4.067,4.745,1.549,2.13,0.872,3.292,2.905,2.421,1.549,0.968,5.809,3.485,1.356,0.29,3.098,1.936,2.905,0.872,0.872,3.195,5.576,5.22,5.167,5.165,5.167,5.455,4.754,4.889,5.085,5.206,Negative_84,0
4.3,2.037,2.037,1.811,2.263,0.679,0.905,2.942,1.358,3.168,7.694,1.811,1.584,3.168,2.716,5.657,3.395,1.358,2.489,3.847,4.387,4.346,4.323,4.415,4.395,4.572,4.462,4.677,4.359,4.848,Negative_75,0
2.525,2.104,3.086,3.226,0.421,2.665,2.244,3.927,1.683,3.366,6.452,2.805,1.262,1.543,1.122,2.946,3.226,0.842,2.104,3.086,4.818,5.122,5.005,4.985,4.973,4.803,4.757,5.046,4.775,5.079,Positive_138,1
4.434,3.391,1.108,2.282,1.304,4.368,2.869,4.173,1.435,1.108,5.868,2.543,0.652,1.369,4.108,5.607,2.478,0.131,0.652,2.999,4.6,4.743,4.563,4.859,4.619,4.793,4.941,4.553,4.775,4.674,Negative_10,0
5.155,1.899,2.238,1.221,0.95,2.781,3.799,2.916,0.475,2.849,6.105,4.206,0.882,0.814,4.816,5.562,5.969,0.0,0.339,5.494,3.973,4.186,4.081,4.254,4.371,4.227,4.125,4.043,4.254,4.017,Negative_45,0
3.509,3.801,0.731,1.901,1.755,3.801,4.678,4.093,0.731,0.292,3.947,3.216,0.292,1.023,3.947,5.702,2.193,1.316,0.292,2.924,5.157,5.092,4.927,4.994,4.899,5.157,4.942,4.912,4.892,4.882,Negative_85,0
5.293,2.22,1.537,0.683,0.0,2.732,11.099,6.318,0.854,3.927,2.561,1.537,2.049,0.341,3.415,3.073,4.61,0.0,0.854,6.147,4.068,3.842,4.269,4.385,4.26,4.165,3.993,3.762,4.207,3.798,Negative_0,0
2.716,2.773,1.791,2.369,1.329,2.831,2.369,4.102,1.618,2.427,4.275,1.791,1.444,1.965,4.391,6.009,3.755,0.635,1.098,3.929,4.509,4.785,4.598,4.764,4.547,4.619,4.619,4.708,4.633,4.6,Negative_44,0
4.137,3.182,0.636,1.114,1.591,1.909,3.5,4.773,1.273,1.114,12.41,0.478,0.636,1.75,2.864,4.773,2.386,0.954,1.114,3.978,4.404,4.584,4.248,4.284,4.759,4.81,4.57,4.48,4.707,4.581,Negative_96,0
6.888,5.329,0.65,0.78,1.17,2.339,2.079,3.639,0.65,0.39,5.978,1.3,0.91,0.78,6.628,4.679,2.73,1.3,0.65,2.21,4.53,4.482,4.553,4.993,5.023,5.051,4.924,5.005,4.98,5.381,Negative_116,0
7.002,1.089,2.645,2.49,0.0,2.023,2.801,4.357,0.778,2.023,5.29,4.045,1.089,1.867,2.334,4.045,2.178,0.934,1.556,4.045,4.894,4.673,4.478,4.731,4.82,4.904,4.862,4.694,4.557,4.794,Positive_175,1
3.8,3.42,1.33,4.37,1.14,2.66,1.9,2.47,1.52,1.9,5.32,2.28,0.57,2.47,3.23,3.99,0.95,0.38,1.14,4.75,5.024,5.465,4.823,4.905,5.686,4.654,4.905,5.435,4.937,4.575,Positive_223,1
6.183,4.26,0.687,1.649,0.824,1.924,1.649,5.359,1.374,1.237,6.321,1.099,0.55,1.237,4.122,2.611,2.473,1.237,0.962,3.161,5.269,4.767,5.088,5.102,5.579,4.97,5.616,4.875,5.139,4.674,Negative_212,0
4.061,1.715,1.354,1.218,0.316,3.023,5.867,2.302,1.038,3.565,3.701,3.61,1.354,0.542,5.37,7.717,6.814,0.135,0.677,5.28,3.839,4.116,4.03,3.919,4.009,4.224,3.973,3.925,4.164,4.143,Negative_81,0
4.241,1.649,3.888,1.414,0.471,2.356,2.71,12.959,1.178,1.178,2.71,2.002,0.353,1.649,3.063,7.893,2.002,1.296,0.943,2.121,4.724,4.761,4.141,3.872,4.691,4.506,4.127,4.337,4.455,4.309,Negative_89,0
3.704,3.606,0.585,2.827,0.39,3.996,2.339,4.191,1.072,1.56,7.213,1.462,0.39,1.462,4.191,5.458,3.801,0.78,0.78,3.314,4.839,4.539,4.478,4.59,4.884,4.539,4.672,4.853,4.794,4.691,Negative_20,0
6.632,2.473,0.337,1.124,1.574,1.461,1.799,4.271,1.237,2.136,6.856,1.461,1.124,3.26,4.496,4.833,3.822,0.674,1.799,5.283,4.039,4.062,4.198,4.025,4.385,4.558,4.586,4.592,4.382,4.524,Negative_133,0
4.158,4.402,0.734,1.712,0.0,3.424,0.489,3.179,1.467,3.179,4.402,2.446,0.978,2.446,2.935,1.957,1.957,0.734,2.446,3.179,5.424,5.824,5.218,5.255,4.865,5.791,5.241,4.636,5.812,5.713,Positive_18,1
2.698,3.268,3.061,2.75,1.401,4.358,2.023,2.802,0.675,1.92,4.254,4.617,0.727,1.712,3.528,7.107,2.905,0.052,0.571,2.646,4.317,4.805,4.683,4.71,4.798,4.524,4.79,4.779,4.877,4.646,Negative_228,0
7.284,1.58,1.404,3.335,0.702,3.598,1.141,5.88,1.053,3.598,3.335,3.511,1.229,1.053,2.808,1.58,2.369,0.263,1.141,5.266,4.848,4.822,4.83,4.833,4.89,4.919,4.642,4.629,4.747,4.708,Positive_135,1
2.453,3.082,1.761,3.145,1.132,2.83,3.899,2.327,1.572,2.201,6.101,2.138,1.384,1.447,6.101,5.66,3.145,0.44,0.755,3.27,4.492,4.618,4.533,4.475,4.544,4.673,4.187,4.525,4.552,4.56,Negative_150,0
3.387,1.936,3.226,1.613,1.29,1.452,2.259,3.226,0.807,2.097,2.581,5.162,1.129,3.387,6.614,6.452,2.903,0.323,2.097,1.936,4.275,4.986,4.803,4.871,4.881,4.27,4.383,4.572,4.542,4.539,Negative_1,0
2.177,2.721,1.089,3.265,0.544,3.537,1.905,3.537,0.952,2.857,3.809,2.585,1.225,2.585,5.17,4.626,2.177,1.225,1.633,2.041,4.919,5.192,5.031,4.787,5.222,5.07,5.013,4.76,5.103,5.244,Positive_48,1
8.81,3.795,0.135,2.846,0.949,2.982,1.491,5.151,1.762,0.813,5.015,0.949,1.22,0.678,1.627,2.982,2.304,0.813,0.542,4.744,5.008,5.38,5.013,4.866,4.884,5.176,5.102,5.268,4.896,4.802,Positive_137,1
6.439,2.372,2.937,2.146,0.791,3.727,2.033,3.841,1.694,2.485,5.874,2.711,2.033,1.242,2.146,3.163,2.824,0.565,0.452,3.276,4.732,5.024,4.621,4.682,4.79,4.705,4.558,4.827,4.805,4.507,Positive_77,1
3.692,3.692,1.154,2.077,0.231,5.307,1.385,1.846,1.154,2.308,6.0,1.615,2.077,2.308,3.0,3.231,2.308,0.462,1.846,3.461,4.979,5.171,5.402,5.159,4.709,5.657,4.706,4.768,4.937,5.36,Positive_173,1
4.282,2.398,1.199,2.912,0.171,3.083,3.083,4.796,0.856,2.912,6.852,2.227,0.685,1.37,2.569,2.741,2.227,0.514,2.912,2.398,4.823,5.165,5.315,5.217,5.172,4.761,5.017,4.758,4.997,4.583,Positive_103,1
3.741,1.945,2.843,2.245,1.197,4.339,1.945,4.788,1.047,1.347,2.693,3.142,2.245,2.394,1.796,3.441,2.095,1.347,2.394,2.843,4.868,4.99,4.885,4.9,4.786,5.112,5.075,5.324,4.958,5.279,Positive_89,1
1.345,2.466,2.577,2.914,0.56,4.706,0.56,3.698,1.233,2.353,3.922,3.362,1.008,2.801,1.905,3.137,2.577,1.233,1.905,4.146,5.003,5.039,5.422,5.591,5.366,5.303,5.102,4.933,4.933,4.897,Positive_172,1
0.968,4.841,0.0,0.0,0.968,2.905,0.968,7.746,0.968,0.968,5.809,0.0,0.968,0.0,3.873,2.905,3.873,3.873,0.0,0.968,5.387,5.336,6.237,6.184,5.445,5.521,5.702,4.948,6.503,6.133,Positive_98,1
4.452,2.457,1.842,2.61,0.921,3.378,1.996,2.763,1.382,2.303,5.681,3.071,0.767,1.229,3.838,2.457,1.842,1.075,2.15,3.685,4.98,5.182,4.952,4.773,5.177,5.06,4.838,5.085,4.938,5.117,Positive_209,1
4.356,1.867,1.867,1.867,2.24,2.614,3.112,3.485,3.609,0.747,7.343,3.982,0.996,2.614,5.725,4.729,3.733,0.124,0.996,1.618,4.247,4.434,4.348,4.166,4.1,4.281,4.471,4.466,3.918,3.947,Negative_145,0
3.522,2.721,1.281,4.002,0.641,3.522,1.601,3.202,1.281,2.081,4.482,2.721,1.441,2.561,2.081,2.561,3.041,0.801,2.561,2.241,5.221,5.424,4.687,5.214,5.112,5.235,4.706,5.153,5.678,5.23,Positive_42,1
3.891,3.339,2.051,2.734,0.894,3.26,2.892,3.128,1.104,1.972,5.337,3.234,1.131,1.866,2.971,5.705,2.786,0.42,0.972,2.681,4.65,4.888,4.64,4.598,5.017,4.797,4.681,4.799,4.818,4.747,Negative_62,0
4.291,5.116,0.495,2.641,3.218,2.888,2.723,4.043,0.66,0.743,3.383,3.383,0.412,1.321,5.282,2.971,2.641,0.66,0.66,2.393,4.366,4.815,5.2,5.16,5.082,5.167,5.135,5.042,5.02,5.087,Negative_47,0
4.249,4.624,1.875,1.75,0.125,1.75,1.75,4.499,1.25,1.25,3.499,2.499,0.625,0.875,14.622,5.249,2.25,0.0,0.875,1.375,4.443,4.767,4.38,4.63,4.509,4.289,4.396,4.553,4.275,4.77,Negative_159,0
4.032,2.891,1.207,1.783,1.196,3.766,3.788,2.625,1.927,1.573,8.484,1.916,1.03,1.506,3.545,4.132,2.171,1.03,0.997,3.046,4.714,4.943,4.593,4.643,4.846,4.735,4.683,4.767,4.712,4.717,Negative_193,0
4.686,2.376,2.475,2.64,0.66,3.366,2.211,4.851,1.188,2.739,5.38,2.376,1.254,1.452,2.475,2.805,2.508,0.528,1.65,3.729,4.891,5.071,4.86,4.884,4.827,4.868,4.886,4.658,4.878,4.825,Positive_122,1
4.41,2.315,2.205,2.205,0.441,2.646,1.874,3.968,1.654,1.874,6.504,2.866,1.654,1.543,2.425,3.638,2.866,0.992,1.984,3.307,4.926,5.081,4.903,4.495,4.667,5.301,4.955,4.706,4.98,4.616,Positive_216,1
1.709,3.73,1.399,3.264,0.0,3.73,0.777,3.885,0.622,2.797,3.73,3.73,1.088,3.108,1.399,2.331,1.088,0.0,1.865,5.284,5.596,5.731,5.182,5.63,5.387,5.842,4.934,5.619,5.387,5.157,Positive_104,1
5.18,3.626,1.684,2.007,0.971,2.979,3.497,4.338,1.489,0.842,3.367,2.784,1.23,1.425,4.079,5.116,2.59,0.648,2.266,1.684,4.981,4.639,4.709,4.823,4.895,4.908,4.774,4.836,4.945,4.688,Negative_120,0
6.856,3.352,0.762,2.742,0.762,2.285,2.59,4.114,1.98,1.828,4.57,1.066,1.371,1.676,2.742,3.504,2.59,1.828,0.61,2.742,5.025,5.025,4.992,4.965,5.055,5.025,5.035,4.722,5.254,4.932,Positive_132,1
1.785,2.835,3.15,2.625,1.47,2.73,1.575,2.835,1.26,3.361,5.041,3.466,1.26,3.571,3.045,2.94,3.256,0.315,1.155,3.78,4.608,4.911,4.649,4.587,4.945,4.69,4.827,4.991,5.156,5.179,Positive_125,1
1.6,1.2,2.401,2.0,0.0,4.401,2.801,5.201,1.2,2.401,2.0,4.801,2.401,3.2,0.4,3.6,4.801,0.4,1.6,4.801,5.026,5.249,4.642,4.46,5.072,4.573,4.967,5.159,4.957,4.688,Positive_81,1
3.271,3.717,0.892,1.487,0.298,5.204,0.892,3.271,0.595,2.528,4.015,4.312,1.041,2.825,1.338,2.528,1.784,0.743,1.041,3.717,5.485,6.113,5.362,5.116,5.574,5.46,5.646,5.123,5.303,5.321,Positive_142,1
3.931,4.68,1.217,2.527,0.936,3.089,2.527,4.305,1.31,0.468,7.207,1.123,0.281,0.281,6.364,4.586,1.591,0.843,0.655,2.808,5.286,5.073,4.537,5.042,4.743,4.773,5.019,5.032,4.842,4.926,Negative_92,0
3.652,2.739,1.94,3.081,3.652,3.994,2.739,3.652,0.571,1.369,10.499,1.826,0.342,0.457,1.598,5.135,1.484,0.685,0.342,2.853,5.1,4.835,4.487,4.656,4.522,4.961,4.503,4.727,5.111,4.49,Negative_13,0
3.892,3.892,1.229,1.844,4.302,3.278,2.458,2.458,2.663,1.434,4.507,1.639,1.024,1.639,5.736,4.302,3.073,1.024,1.024,1.844,4.266,4.551,4.434,4.756,4.783,4.455,4.753,5.132,4.831,4.78,Negative_40,0
3.678,2.207,0.0,0.0,0.736,0.736,2.207,8.092,0.0,2.207,3.678,0.736,0.736,2.942,22.806,1.472,1.472,1.472,2.207,0.736,4.437,4.144,3.99,4.054,3.644,3.728,4.423,4.501,4.368,4.594,Negative_158,0
5.97,2.132,1.99,1.99,1.137,3.411,2.416,4.265,1.28,2.843,4.833,3.696,0.569,1.137,2.701,2.843,3.127,0.426,1.848,3.127,4.468,5.006,4.812,4.825,4.941,4.895,4.59,4.921,5.009,4.791,Positive_68,1
5.261,3.721,1.668,3.079,0.385,3.336,2.053,5.132,0.898,1.925,4.106,0.641,0.641,2.438,3.593,1.797,2.694,0.513,1.797,2.694,5.236,5.077,5.224,4.968,5.256,5.573,5.195,5.178,5.062,4.857,Positive_150,1
4.359,3.515,0.984,3.234,6.467,1.968,2.25,6.186,1.828,0.844,4.78,0.844,0.703,1.406,5.202,2.109,2.39,0.562,0.703,3.515,4.496,4.86,4.499,4.346,4.537,4.666,4.445,4.844,4.636,4.822,Negative_57,0
1.978,2.858,1.978,3.297,0.22,3.957,0.66,2.638,0.66,2.858,5.056,4.177,0.66,3.078,2.638,2.198,3.078,0.44,1.758,4.177,5.015,5.095,5.114,5.397,5.455,5.726,4.493,5.387,4.976,4.979,Positive_80,1
4.387,3.191,1.795,2.193,1.795,3.789,2.791,4.387,0.199,0.997,9.771,0.797,0.199,0.997,3.789,5.185,1.795,1.197,0.797,1.595,5.072,5.299,4.418,4.994,4.842,4.728,4.408,4.917,5.146,4.532,Negative_28,0
5.34,2.636,2.095,2.839,0.743,3.245,3.312,3.785,1.825,2.23,6.354,1.757,2.028,0.879,2.366,2.839,3.245,0.473,1.149,3.65,4.617,5.018,4.638,4.567,4.762,4.799,4.582,4.73,4.759,4.736,Positive_38,1
2.657,2.237,2.377,3.496,1.118,2.796,2.657,3.635,2.936,2.657,4.474,1.118,0.699,2.097,2.657,5.732,3.915,1.398,0.699,3.775,4.708,4.646,4.527,5.034,4.612,4.947,4.864,4.455,4.527,4.548,Negative_23,0
6.988,2.767,0.415,1.66,1.66,5.396,2.491,4.22,2.698,2.006,3.874,2.629,0.761,1.245,3.113,3.459,3.874,0.0,0.553,4.428,4.613,4.762,4.513,4.692,4.705,4.434,4.57,4.705,4.377,4.388,Negative_125,0
8.364,0.465,1.394,1.394,1.394,2.788,0.929,10.222,0.465,1.859,7.435,2.788,1.859,2.323,0.929,6.969,2.323,0.929,1.394,4.182,3.513,3.805,3.522,4.074,3.531,4.059,3.984,4.41,4.189,4.509,Negative_26,0
4.744,3.153,0.752,2.227,0.607,4.281,4.512,4.397,1.562,1.475,4.571,2.169,0.81,1.071,5.525,4.512,3.269,0.463,0.347,2.864,4.737,4.737,4.74,4.494,4.681,4.582,4.574,4.804,4.678,4.66,Negative_132,0
6.16,3.532,1.643,2.3,0.575,3.532,3.696,2.628,1.396,3.121,5.749,1.807,0.575,1.068,3.778,2.382,1.971,0.575,0.904,3.121,5.064,5.147,5.15,4.96,4.877,5.099,4.556,5.033,4.672,4.932,Positive_64,1
2.803,1.602,2.002,3.204,0.0,2.403,3.604,2.803,1.202,2.002,3.204,4.405,1.202,3.604,1.602,4.004,4.405,0.4,1.202,6.408,4.873,5.149,4.355,4.43,5.076,4.956,4.74,4.568,4.683,5.11,Positive_143,1
2.848,4.746,1.582,3.481,0.0,5.696,0.633,1.266,0.633,4.114,5.063,4.114,0.949,1.898,0.949,1.582,1.582,0.316,1.582,1.898,5.332,6.626,5.713,3.999,5.302,6.172,5.776,4.797,5.837,5.511,Positive_177,1
5.47,3.057,0.804,2.253,1.448,2.735,3.218,5.148,0.965,0.483,4.827,1.77,0.965,2.091,10.296,4.022,1.287,0.161,1.448,2.574,4.391,4.413,4.413,4.454,4.627,4.424,4.438,4.479,4.504,4.836,Negative_174,0
2.78,2.919,1.529,3.058,0.834,3.058,2.224,3.058,1.529,2.502,5.144,3.892,0.695,1.807,2.085,3.197,2.363,0.695,2.641,3.337,5.236,5.458,5.177,5.039,4.812,4.984,4.952,5.021,4.928,5.044,Positive_6,1
7.377,3.528,1.283,1.123,1.123,0.962,1.924,4.33,0.641,1.283,10.906,0.16,0.641,1.283,4.491,4.491,1.924,1.604,1.604,2.245,4.493,4.52,4.636,4.546,4.763,4.62,4.753,4.755,4.925,5.065,Negative_197,0
2.973,4.162,1.486,1.784,0.595,4.459,2.378,4.459,1.189,2.378,2.675,2.973,1.189,2.081,2.081,6.837,1.784,0.892,0.892,1.189,5.429,5.126,5.015,5.315,5.16,5.436,4.945,4.996,5.393,4.731,Negative_32,0
6.494,2.345,1.804,3.607,0.0,2.886,1.082,4.148,1.263,1.984,4.509,1.082,0.361,3.247,2.345,2.706,3.968,0.722,2.345,3.247,4.866,5.074,4.884,4.771,5.047,5.553,4.861,5.029,4.854,4.917,Positive_158,1
3.104,3.104,2.793,1.242,2.172,1.862,2.483,3.725,1.552,2.483,4.966,2.793,1.862,1.242,1.552,5.897,0.931,2.172,2.793,0.31,4.799,5.144,4.987,5.304,5.6,5.024,5.404,5.348,5.036,4.313,Negative_171,0
2.945,2.276,2.276,3.347,0.669,4.284,3.079,1.74,1.071,3.749,4.953,2.142,1.205,2.276,1.74,3.481,2.677,0.937,2.142,3.347,4.928,5.013,4.89,4.888,4.978,5.139,4.873,5.081,4.951,4.923,Positive_165,1
5.401,4.501,2.701,0.9,1.801,2.701,2.701,2.701,0.0,0.9,6.301,5.401,0.9,2.701,3.601,2.701,1.801,0.0,0.0,0.9,5.542,5.335,5.631,4.02,5.967,5.272,4.851,4.764,4.268,5.741,Negative_49,0
5.781,0.0,0.578,2.312,4.046,3.468,0.578,6.359,3.468,1.734,2.312,10.983,1.734,2.312,2.312,1.156,0.578,0.0,0.0,2.891,5.147,4.921,4.937,4.001,4.65,4.824,4.292,4.448,5.437,4.74,Positive_127,1
3.031,7.439,0.551,0.551,1.929,2.755,4.133,1.653,0.551,1.102,0.826,4.959,0.275,1.377,9.367,6.337,0.826,0.551,0.826,1.377,5.178,5.082,4.77,4.576,6.005,3.855,4.876,5.66,5.372,4.208,Negative_130,0
4.383,3.812,1.969,2.478,0.127,2.414,2.795,4.383,0.508,1.207,5.591,1.715,1.08,1.779,2.732,3.367,2.35,0.889,1.588,4.002,5.01,5.313,5.015,4.951,4.944,5.094,5.19,4.986,5.067,5.261,Positive_188,1
4.013,2.247,2.729,3.693,0.321,3.933,2.087,4.254,0.562,3.532,3.532,4.334,1.043,1.926,2.007,2.809,3.773,0.161,1.204,3.693,4.729,5.082,4.776,4.561,4.796,4.947,4.579,4.841,4.988,4.848,Positive_192,1
3.491,2.59,1.126,2.702,0.45,2.59,2.252,4.054,1.351,2.477,5.067,3.04,1.351,2.59,2.815,3.04,2.477,0.676,1.577,3.941,5.04,5.187,4.862,4.857,5.192,4.785,5.092,5.04,4.839,5.448,Negative_6,0
4.883,4.273,0.0,3.662,2.442,4.883,9.766,1.831,3.052,0.61,1.831,1.831,1.831,1.221,1.831,3.662,1.831,1.221,0.0,2.442,4.158,4.832,4.516,4.115,4.763,4.92,4.639,5.496,5.265,4.192,Negative_214,0
2.559,2.132,1.706,1.066,2.132,2.559,1.493,1.279,1.066,4.265,8.742,3.198,3.198,2.772,2.985,5.97,2.345,0.213,2.772,3.412,4.696,4.33,3.955,4.405,4.534,4.215,4.411,4.782,4.265,4.542,Negative_99,0
1.84,2.576,2.576,1.84,0.736,3.313,1.472,3.681,0.0,3.313,3.681,6.625,1.472,1.84,0.368,2.945,5.153,0.736,0.736,3.681,5.194,5.512,5.631,5.194,5.519,4.893,4.858,4.999,4.822,4.793,Positive_201,1
6.53,7.008,0.478,1.433,0.319,3.345,1.433,4.619,0.956,1.115,3.345,0.319,0.159,1.752,4.937,2.389,0.956,0.637,0.956,1.752,5.763,5.359,5.354,5.479,5.397,5.51,5.941,5.41,5.692,5.661,Negative_65,0
6.269,4.434,0.306,1.988,1.529,3.823,1.223,5.199,1.835,0.306,5.963,0.306,0.765,1.988,3.517,2.752,2.447,0.459,0.459,3.823,5.203,5.186,5.084,4.926,5.067,5.161,5.062,4.8,4.954,5.168,Negative_87,0
5.228,1.743,0.871,1.452,1.743,3.195,2.324,4.647,1.452,3.195,6.39,2.324,2.614,1.161,4.356,4.066,2.324,0.0,2.033,6.099,4.197,4.16,4.569,4.208,4.274,4.411,4.105,4.377,4.217,4.265,Negative_134,0
2.488,3.026,2.689,3.16,0.605,3.227,1.816,3.362,0.941,2.555,3.227,2.555,1.345,2.152,2.219,3.093,3.026,1.008,1.95,4.773,5.138,5.089,5.3,4.976,5.15,4.968,4.853,5.165,5.138,5.008,Positive_0,1
4.743,3.32,0.711,2.253,1.66,2.49,3.795,3.201,1.541,0.949,6.996,1.779,0.949,0.83,5.336,4.15,2.964,1.067,0.83,4.032,4.483,4.591,4.5,4.583,4.765,4.62,4.604,4.794,4.663,4.8,Negative_119,0
4.131,2.224,2.648,3.92,0.318,3.072,1.271,3.602,1.483,2.966,3.92,2.437,1.059,2.86,3.39,3.39,2.542,0.53,2.542,2.331,4.962,5.003,5.008,5.16,4.671,5.213,4.735,4.717,5.081,4.813,Positive_105,1
4.43,2.718,3.926,2.416,0.302,2.416,2.315,5.638,0.604,3.322,2.819,1.611,0.906,1.41,2.416,4.43,5.638,0.503,1.812,3.423,4.865,4.677,4.788,4.854,4.658,4.64,4.382,4.658,4.674,4.748,Positive_168,1
3.929,3.493,1.309,1.746,2.183,3.493,1.746,4.366,2.183,2.183,4.366,2.619,0.873,0.873,4.802,3.056,2.183,0.436,3.056,2.619,4.067,4.927,5.172,4.675,4.543,5.448,5.205,5.218,4.286,4.945,Negative_22,0
4.241,3.411,1.291,2.028,1.106,3.411,2.858,3.503,1.66,1.475,3.595,3.78,1.014,1.66,4.057,6.822,3.135,0.461,0.645,3.042,4.625,4.732,4.764,4.514,4.463,4.82,4.577,5.035,4.772,4.503,Negative_181,0
5.114,3.431,1.489,1.554,1.036,3.172,2.654,4.791,1.23,2.201,5.244,1.36,0.388,1.165,4.985,4.079,3.302,0.583,0.906,4.014,4.769,4.498,4.782,4.785,4.709,4.793,4.888,4.701,4.751,4.627,Negative_142,0
5.667,5.667,0.709,2.834,1.417,4.251,2.125,3.542,0.709,1.417,2.834,2.125,0.709,1.417,3.542,2.834,3.542,0.0,0.709,1.417,4.993,5.435,5.61,5.584,5.233,5.178,5.774,3.826,5.767,5.133,Negative_152,0
3.569,3.501,3.295,2.265,1.579,2.128,3.02,3.364,0.687,1.648,5.079,2.815,1.579,1.167,1.922,6.315,2.815,0.412,2.059,2.059,4.607,5.071,4.961,4.728,4.828,4.717,4.953,4.835,5.056,4.966,Negative_144,0
4.633,4.484,1.494,2.84,1.494,4.035,1.943,3.886,1.793,0.598,6.427,2.541,1.196,1.196,4.932,2.989,2.84,0.747,0.449,1.644,4.708,4.415,4.702,4.859,4.728,4.94,4.861,4.642,5.104,4.88,Negative_98,0
2.525,3.607,1.443,1.443,1.443,5.05,3.967,3.246,0.361,3.246,4.689,2.885,1.082,1.804,1.804,2.525,3.246,0.0,2.885,2.164,5.176,5.431,4.86,4.351,5.463,5.028,4.568,4.894,5.581,5.235,Negative_70,0
3.103,2.626,1.91,3.342,1.91,2.148,1.91,1.671,1.91,2.626,7.162,3.103,1.91,1.432,3.103,4.297,2.148,0.955,1.194,3.342,4.458,4.525,4.792,5.074,4.631,5.276,4.641,4.968,4.784,5.051,Negative_169,0
5.155,2.673,1.782,2.927,0.445,3.246,2.609,4.518,0.891,1.464,4.073,2.863,0.827,1.973,2.673,2.927,2.609,0.954,1.4,3.755,4.874,5.245,4.869,5.113,4.867,5.066,5.188,5.016,4.877,5.118,Positive_200,1
3.665,3.794,1.158,2.186,1.543,4.115,2.186,3.987,1.093,1.672,4.565,2.444,0.386,1.608,3.279,3.537,2.251,1.35,0.965,2.894,4.931,5.087,5.211,5.089,5.062,5.157,4.96,5.204,5.325,5.296,Negative_72,0
4.643,4.046,1.592,2.388,1.857,4.709,1.923,3.051,1.061,1.459,6.765,1.99,1.194,1.459,3.781,3.316,1.393,0.266,0.796,2.321,4.781,5.051,5.113,5.051,4.961,5.088,4.803,5.056,5.093,4.993,Negative_63,0
3.461,2.67,0.791,2.67,0.791,5.339,4.153,2.868,1.286,2.076,4.944,2.274,0.692,1.384,6.724,5.339,2.67,1.187,0.89,2.175,4.378,4.424,4.373,4.653,4.381,4.552,4.601,4.799,4.636,4.818,Negative_178,0
2.194,0.549,6.308,0.823,0.549,5.485,1.645,2.194,0.823,4.663,4.663,6.308,0.823,2.468,0.274,2.468,3.017,0.823,3.566,1.92,4.795,4.911,4.904,4.61,4.95,4.795,4.677,4.783,5.131,4.881,Positive_49,1
5.231,2.957,0.91,2.729,0.455,4.094,1.592,4.549,1.137,3.411,5.004,2.729,0.91,2.729,1.365,2.047,2.047,0.0,1.82,2.729,4.898,5.111,5.123,4.765,5.528,5.392,5.36,5.346,5.106,4.927,Positive_63,1
7.204,2.264,2.47,2.058,0.824,2.264,2.676,6.381,0.412,2.882,5.352,2.264,1.235,1.852,2.676,2.47,2.676,0.0,0.617,5.146,4.889,4.918,4.308,4.625,4.526,4.601,4.459,4.703,4.454,4.795,Positive_26,1
4.675,1.948,2.045,3.506,1.266,5.064,1.656,5.941,1.169,1.363,5.357,1.656,0.682,1.753,5.357,4.383,3.214,0.682,0.974,2.435,4.504,4.424,4.382,4.611,4.468,4.132,4.518,4.658,4.655,4.523,Negative_15,0
4.662,3.402,1.512,3.402,0.63,2.142,2.142,4.032,1.26,1.89,6.552,2.394,1.386,1.26,1.89,3.024,2.268,0.882,1.26,3.528,5.13,5.422,5.056,4.784,5.004,5.068,4.915,5.098,5.016,4.987,Positive_145,1
2.802,3.312,2.165,3.439,0.255,2.802,1.528,2.802,2.038,2.675,4.203,2.929,1.91,1.656,3.057,3.184,1.656,0.637,2.929,3.821,5.329,5.247,4.589,4.766,5.242,4.903,4.983,4.97,5.013,5.157,Positive_41,1
3.765,3.158,1.579,2.672,0.972,4.008,2.793,3.036,1.579,3.158,5.101,1.458,1.336,2.186,3.643,2.915,2.429,0.607,1.093,2.915,4.715,4.962,4.874,4.982,4.866,5.277,4.788,5.073,5.171,4.891,Positive_46,1
6.556,2.645,1.035,1.265,1.725,1.495,1.265,4.371,1.61,2.07,8.511,0.92,1.38,2.415,3.335,3.795,2.875,1.265,2.3,4.371,4.314,4.532,4.284,4.149,4.494,4.505,4.51,4.593,4.681,4.734,Negative_86,0
2.175,0.725,2.899,3.262,1.087,6.886,0.725,5.074,0.0,5.436,2.899,3.624,1.812,1.812,1.087,2.899,1.812,1.087,1.087,3.624,5.041,5.331,4.899,4.499,4.606,5.299,4.889,4.886,5.239,5.299,Positive_74,1
4.245,3.396,1.981,1.698,1.132,2.264,1.698,5.66,1.698,1.132,2.83,4.528,1.698,1.132,4.812,5.377,4.245,0.0,1.698,1.981,5.177,4.991,4.802,4.704,4.459,3.794,4.858,5.028,4.932,4.049,Negative_213,0
7.742,2.67,0.267,0.801,1.602,1.602,2.67,7.208,1.869,1.869,10.412,0.267,1.602,0.534,2.403,6.407,2.67,0.801,0.267,4.805,3.704,4.072,3.894,4.21,3.947,4.216,4.332,4.525,4.192,4.441,Negative_187,0
3.635,2.423,2.423,3.786,0.152,3.937,0.909,2.423,0.606,2.12,5.452,2.575,1.212,2.271,1.514,3.483,3.18,1.212,2.726,3.18,4.944,5.308,5.123,4.801,5.306,4.853,5.2,5.303,4.87,5.077,Positive_179,1
4.398,1.692,2.03,1.184,1.353,3.044,1.522,3.214,1.015,4.229,7.104,3.721,1.184,2.368,1.353,3.383,3.214,0.676,2.03,3.721,4.8,5.204,4.355,4.274,4.908,4.979,4.651,4.664,4.811,4.918,Positive_31,1
6.572,1.917,1.643,2.465,0.821,4.108,1.095,4.929,0.821,2.738,4.929,4.382,1.369,0.821,2.465,2.465,2.191,0.0,0.821,5.203,4.143,4.95,5.238,4.604,4.818,4.746,4.873,5.007,4.86,5.005,Positive_40,1
3.992,4.306,1.597,2.025,2.31,4.534,2.567,5.019,3.279,0.741,3.992,1.825,0.599,1.112,4.021,4.677,2.794,0.399,0.884,1.568,4.743,4.877,4.629,4.696,5.078,4.814,4.791,4.9,4.482,4.749,Negative_108,0
5.923,4.771,1.316,1.481,0.658,2.303,2.468,3.291,1.974,0.494,5.265,0.658,0.658,2.303,3.291,4.113,2.633,0.329,1.316,4.607,4.955,5.125,4.776,4.945,5.145,4.985,5.259,4.973,4.89,5.095,Negative_147,0
4.094,3.994,0.699,2.097,1.198,4.094,3.994,4.394,1.498,0.599,6.99,2.696,0.499,1.298,4.793,4.494,1.498,0.499,0.699,1.698,4.908,4.913,4.771,4.864,4.6,4.771,4.864,5.113,4.672,4.701,Negative_18,0
3.549,3.596,1.588,2.335,0.84,4.763,1.868,3.549,0.981,1.961,5.323,2.475,0.794,1.588,4.949,5.09,2.615,0.887,0.607,2.195,4.663,4.799,4.789,4.988,4.905,4.838,4.634,4.859,4.939,5.034,Positive_210,1
5.515,3.801,0.894,1.639,1.789,2.906,2.534,3.354,1.043,1.192,4.247,2.832,0.745,1.49,3.875,4.471,2.608,0.522,1.639,3.204,4.882,5.133,5.023,4.603,4.99,5.204,5.075,4.633,5.106,5.05,Negative_4,0
4.399,1.613,2.053,2.64,0.88,6.159,3.666,1.906,1.76,2.347,6.306,2.786,1.466,1.466,6.013,5.866,2.64,0.44,0.293,1.613,4.711,4.032,4.618,4.105,4.55,4.353,4.429,4.257,4.207,4.426,Negative_220,0
3.606,3.606,1.803,1.803,3.606,0.902,1.803,2.704,5.409,0.902,3.606,7.211,1.803,0.0,4.507,3.606,2.704,0.0,1.803,2.704,4.121,5.133,4.154,4.251,4.843,4.557,4.138,4.889,4.873,4.954,Positive_187,1
6.345,2.115,0.705,1.41,0.705,1.41,3.349,6.169,1.586,2.291,6.521,1.939,2.291,2.291,1.939,2.644,3.349,0.705,2.468,2.644,4.746,4.854,4.703,4.465,4.986,5.052,4.508,4.238,4.497,5.076,Negative_97,0
2.529,1.488,2.231,1.19,1.042,0.446,1.637,3.273,1.637,6.546,8.183,1.042,1.19,5.059,2.975,3.719,2.529,1.488,3.868,3.868,4.274,4.335,4.486,4.257,4.223,4.461,4.822,4.635,4.167,4.4,Positive_211,1
5.415,5.014,0.802,1.203,0.0,4.211,1.003,4.011,1.203,1.805,4.412,1.404,0.602,3.209,3.409,3.008,1.203,0.201,1.203,2.607,5.483,5.348,5.144,5.311,5.532,5.47,5.254,5.479,5.52,5.534,Positive_133,1
4.26,2.919,2.919,3.707,0.473,2.051,2.839,3.392,1.498,2.603,5.127,1.341,1.262,2.524,2.366,2.603,2.288,1.183,2.209,2.603,4.949,5.104,5.019,5.24,4.864,5.109,4.793,5.052,4.931,4.773,Positive_116,1
7.45,3.979,0.847,1.27,0.508,2.37,2.116,5.842,1.101,0.762,4.487,1.608,0.593,0.931,10.837,4.741,3.047,0.677,0.338,1.693,4.248,4.416,4.347,4.686,4.686,4.33,4.579,4.67,4.474,4.366,Negative_186,0
6.269,1.829,1.567,3.396,0.0,2.874,1.829,3.657,0.784,3.919,4.964,2.874,0.784,2.09,2.612,3.919,2.874,0.261,1.829,4.18,4.762,4.962,5.269,4.531,4.986,4.684,4.689,4.544,4.749,4.316,Positive_109,1
5.73,1.616,2.057,2.792,0.147,2.204,1.763,5.289,2.204,1.763,4.555,3.232,1.763,1.763,3.82,1.322,4.555,0.882,1.616,3.82,4.771,4.62,4.424,4.911,4.861,4.834,4.713,4.66,4.811,4.504,Positive_114,1
2.907,2.459,1.789,2.012,2.459,3.801,2.683,2.236,0.671,1.341,4.919,6.26,0.894,2.012,1.789,4.695,4.695,0.671,0.447,3.577,4.789,4.69,4.849,4.591,4.703,4.632,4.593,4.949,5.04,4.849,Negative_36,0
4.416,2.98,1.325,2.098,0.662,4.195,0.993,4.526,1.656,2.539,5.961,3.312,1.325,1.215,2.65,1.325,3.312,0.221,1.104,4.085,4.975,5.077,4.938,5.0,5.055,5.09,5.005,4.838,4.89,5.234,Positive_220,1
3.434,4.12,1.648,3.434,0.549,5.219,2.198,7.692,0.274,0.824,3.846,2.472,0.549,0.962,3.434,4.12,1.236,0.549,0.549,2.61,5.173,5.062,4.808,4.989,5.255,4.711,5.241,5.32,4.88,4.84,Negative_143,0
3.327,3.132,1.566,2.74,0.783,3.914,1.37,4.11,0.978,0.783,5.284,4.11,0.783,2.74,1.174,3.327,1.37,0.391,0.978,4.501,5.361,5.245,5.25,4.99,5.267,5.248,5.413,4.779,5.719,5.366,Positive_97,1
4.342,3.507,0.668,3.006,1.503,3.34,2.671,2.338,0.334,2.171,6.178,2.505,1.169,1.67,2.839,3.507,2.671,0.835,1.169,3.006,4.891,4.962,4.908,4.938,5.464,5.229,4.784,4.938,5.242,5.219,Negative_172,0
9.927,2.944,0.757,2.019,0.757,4.038,1.346,6.73,0.421,0.168,7.655,1.178,0.421,0.757,5.216,2.355,1.935,0.926,0.168,2.692,4.675,4.481,4.822,4.877,4.861,4.748,4.552,4.512,4.968,5.094,Negative_106,0
1.981,3.218,1.981,2.723,2.228,4.704,3.466,0.742,1.733,1.486,4.704,5.447,0.742,2.228,4.952,2.476,2.228,0.247,1.486,3.961,4.266,4.804,4.614,4.796,4.712,4.794,4.364,4.92,5.002,4.994,Negative_91,0
3.019,3.019,1.393,3.135,1.161,3.599,2.322,3.948,1.161,2.903,4.528,3.715,1.509,1.625,3.251,2.787,2.206,0.348,1.742,2.903,4.99,5.151,4.781,5.156,5.191,4.857,5.216,4.804,4.532,5.045,Negative_9,0
3.937,2.7,1.462,2.7,1.462,3.15,2.362,3.825,2.475,1.462,6.187,2.025,1.238,1.462,2.7,3.937,3.037,1.8,0.788,2.138,4.917,4.701,4.792,5.001,4.958,5.283,4.78,4.851,4.879,4.991,Negative_56,0
3.822,2.184,0.546,4.186,0.0,4.186,3.458,4.368,0.728,2.184,4.914,4.368,1.092,1.82,1.638,2.73,2.912,0.546,1.456,2.366,4.995,5.248,5.183,4.584,5.272,5.22,4.99,5.079,5.094,4.827,Positive_67,1
3.335,3.017,0.794,3.017,1.747,1.112,2.064,4.447,1.747,1.429,4.764,2.224,0.953,1.588,1.906,6.035,3.335,1.906,0.476,3.97,5.206,5.134,4.707,5.483,5.278,4.942,4.687,4.787,4.992,4.917,Negative_127,0
5.71,4.412,0.259,3.634,0.519,1.557,1.817,4.153,2.336,2.076,4.412,0.0,1.298,0.778,1.557,2.336,3.374,1.817,1.038,3.893,5.438,5.24,5.28,4.893,5.05,5.062,5.806,5.76,5.642,4.85,Positive_108,1
4.996,3.963,0.862,3.963,0.345,2.067,1.723,4.135,1.034,1.378,5.858,0.862,0.517,1.723,3.101,1.551,4.307,0.689,1.551,4.135,5.212,5.3,5.551,4.615,5.044,5.181,5.01,5.042,5.071,5.212,Positive_212,1
3.346,2.311,2.035,2.139,0.69,3.726,3.277,3.691,0.931,3.519,3.795,4.347,1.035,1.208,2.726,2.173,3.105,1.276,1.345,3.243,4.954,5.236,4.909,4.842,5.077,5.194,4.852,5.012,5.072,4.934,Positive_85,1
4.237,4.054,1.388,3.104,0.438,4.018,1.899,3.835,0.877,2.666,4.383,2.374,1.096,1.315,2.301,1.972,2.374,0.365,1.388,3.981,5.318,5.487,5.078,5.085,5.164,5.289,5.095,4.939,5.232,5.249,Positive_12,1
4.87,2.609,1.739,1.913,1.913,0.522,1.217,3.13,2.087,2.957,8.87,0.522,1.913,3.478,2.957,4.0,2.783,0.696,2.435,4.696,4.311,4.4,4.574,4.45,4.566,4.74,4.502,4.466,4.242,4.441,Negative_162,0
3.384,2.115,2.274,2.433,0.899,3.384,1.851,3.437,1.375,3.543,5.235,2.326,1.322,1.798,3.701,4.865,2.697,0.846,1.481,3.86,4.712,4.841,4.744,4.688,4.582,4.596,4.746,4.876,4.699,4.693,Positive_204,1
4.413,3.706,1.765,2.824,0.0,3.354,2.824,2.471,2.471,2.824,4.413,1.588,0.353,2.295,3.706,2.295,3.001,1.059,1.588,3.001,4.885,5.247,5.465,4.965,4.775,5.03,4.506,5.07,5.078,5.028,Positive_51,1
3.3,2.932,1.944,2.018,0.839,3.491,1.488,4.036,1.002,3.182,4.626,3.138,1.886,1.488,2.136,2.873,4.007,1.326,1.031,3.167,4.906,4.991,5.008,4.978,5.053,5.086,4.946,5.106,5.118,4.899,Positive_47,1
5.36,2.144,0.0,1.876,1.876,3.752,1.34,4.288,0.536,1.072,6.163,0.804,0.804,0.804,6.968,6.7,4.288,1.34,2.144,4.02,4.322,4.494,4.156,4.617,4.581,4.215,4.33,4.226,4.392,4.39,Negative_51,0
2.482,2.482,1.861,3.102,0.62,1.861,1.861,2.482,0.62,1.861,4.342,2.482,0.62,2.482,2.482,11.787,1.861,1.241,1.241,4.342,4.086,4.562,4.565,5.055,4.443,4.37,5.334,5.495,4.935,5.044,Negative_131,0
2.668,2.668,4.098,3.24,1.048,1.811,1.334,4.86,1.143,2.668,2.668,2.192,1.048,2.859,2.192,3.05,2.096,1.716,1.906,3.431,5.328,5.07,5.133,5.157,5.099,5.043,5.147,5.298,4.884,5.143,Positive_215,1
2.086,2.607,2.399,3.129,1.043,3.233,1.878,2.816,1.043,2.816,5.11,4.276,1.147,1.878,2.816,3.65,2.086,1.043,1.46,3.129,4.887,5.101,5.029,4.949,5.079,5.275,5.024,5.339,4.977,4.696,Positive_183,1
2.746,2.848,1.729,2.543,1.322,4.475,1.933,2.848,1.017,1.729,4.78,3.56,1.017,2.848,2.339,3.661,2.746,0.407,2.136,3.153,4.834,5.245,4.916,4.909,5.253,4.911,4.804,5.21,5.128,4.956,Positive_5,1
5.057,2.418,1.319,1.759,1.979,3.298,2.858,5.057,1.319,2.858,5.717,1.319,0.879,1.539,2.418,4.178,3.958,1.099,1.319,3.298,4.445,4.415,4.573,4.598,4.788,4.6,5.027,4.683,4.485,4.737,Negative_211,0
2.838,3.275,1.965,1.965,1.529,3.93,1.965,3.057,1.965,3.057,2.838,3.493,1.092,1.965,3.93,6.332,3.93,0.219,1.529,2.183,4.756,4.754,4.653,4.483,4.908,4.435,4.839,4.313,4.993,4.81,Negative_59,0
5.492,1.433,2.865,2.865,0.477,3.582,1.91,5.015,0.239,4.298,4.06,3.821,1.194,1.433,1.671,2.865,1.91,0.0,0.716,6.448,4.354,4.816,4.626,5.135,5.219,4.877,4.924,4.573,4.503,4.678,Positive_180,1
3.475,3.346,1.931,1.931,2.317,5.019,1.673,2.832,0.515,0.515,7.207,2.059,1.158,2.317,3.732,4.762,2.574,0.515,1.415,3.604,4.62,4.874,4.816,4.774,4.533,4.607,4.525,4.774,4.824,4.755,Negative_69,0
3.302,2.764,2.548,3.051,1.256,3.123,2.046,3.123,1.723,2.656,6.03,2.871,1.041,1.83,2.333,3.805,2.369,0.502,1.364,3.589,4.804,5.043,4.853,4.65,4.884,4.992,4.925,4.809,4.85,4.863,Positive_73,1
3.318,1.83,2.517,3.661,0.915,3.776,2.288,2.746,1.144,2.975,5.149,3.89,1.601,2.174,2.631,3.661,3.318,0.343,1.373,3.318,4.684,4.829,4.579,4.808,4.821,4.887,4.544,4.734,4.823,4.663,Positive_208,1
2.609,3.011,2.609,2.676,1.74,3.212,2.007,2.877,1.338,2.275,5.085,4.282,0.87,1.205,3.345,5.888,2.141,0.669,1.138,3.011,4.658,4.853,4.726,4.809,4.778,4.806,5.006,4.874,4.635,4.866,Negative_113,0
5.007,2.65,2.062,2.503,0.147,2.503,1.619,3.534,1.031,1.767,5.301,3.092,1.031,2.356,4.123,2.356,2.209,1.178,1.914,2.798,5.048,5.125,4.901,5.432,5.016,4.517,4.972,5.343,5.208,5.257,Positive_82,1
5.708,3.19,2.182,3.861,0.168,2.266,2.015,4.281,1.007,2.77,3.525,1.511,0.839,1.259,3.777,3.358,3.861,0.252,1.091,5.624,4.877,4.677,4.679,4.932,4.637,4.687,4.785,4.622,4.877,4.679,Positive_65,1
5.634,3.25,0.325,2.059,1.408,1.842,2.383,2.817,1.734,2.6,8.342,0.758,1.3,3.684,3.684,3.467,3.25,0.542,1.083,4.442,4.401,4.652,4.505,4.352,4.488,4.677,4.437,4.469,4.633,4.781,Negative_30,0
4.33,2.362,0.787,1.378,1.181,2.755,1.968,6.691,1.378,3.346,2.165,4.33,0.59,1.771,3.936,5.314,3.739,0.59,2.165,2.165,4.352,4.635,4.929,4.677,4.41,4.802,4.749,5.143,4.564,4.797,Negative_76,0
5.481,2.512,0.571,2.284,1.142,2.855,3.768,4.225,0.913,1.941,6.738,1.142,1.028,1.485,2.741,5.025,4.34,0.913,0.913,3.426,4.479,4.409,4.885,4.615,4.837,4.487,4.826,4.543,4.786,4.69,Negative_39,0
1.294,2.157,4.314,0.431,6.471,0.863,3.02,5.177,0.431,1.294,3.883,0.431,0.431,3.451,3.02,10.786,5.608,0.0,5.608,0.431,4.117,4.592,4.12,4.459,4.037,3.851,3.744,4.09,4.123,3.762,Negative_217,0
2.255,2.255,2.255,1.061,3.45,5.042,1.194,3.714,3.98,1.858,2.653,4.776,0.796,2.653,1.725,3.714,3.847,0.132,2.521,1.858,5.324,5.355,4.538,4.988,5.177,3.992,4.796,5.567,4.108,4.414,Negative_151,0
5.998,0.666,3.998,0.666,1.999,1.333,0.666,2.666,1.999,4.665,15.327,0.0,6.664,1.999,1.333,5.331,3.332,0.0,2.666,3.998,3.765,3.324,3.445,3.318,3.272,3.105,3.84,3.641,3.484,3.5,Positive_22,1
3.324,3.201,1.723,1.97,2.955,4.186,2.216,2.955,1.97,1.97,2.832,3.201,1.478,2.216,3.201,5.048,1.847,0.369,1.847,2.708,4.732,4.919,4.622,5.119,4.96,4.899,5.219,4.635,4.712,4.968,Negative_190,0
4.257,0.851,3.065,2.213,0.511,4.086,1.873,4.597,0.851,4.257,5.448,3.746,1.532,3.405,2.894,2.724,2.724,0.0,1.873,2.043,4.856,4.837,4.509,4.49,4.736,4.824,4.368,4.506,4.887,5.036,Positive_84,1
4.398,1.869,3.409,3.628,0.22,2.309,2.419,5.388,0.66,2.199,2.419,2.199,1.759,2.199,0.99,3.079,2.749,2.089,2.419,2.639,5.407,5.022,5.262,4.894,5.203,5.281,4.833,4.85,5.132,5.078,Positive_166,1
4.272,3.535,0.737,2.455,0.638,3.634,2.063,3.977,1.424,1.572,5.794,1.326,0.688,1.572,4.714,5.008,3.535,0.589,0.884,4.321,4.717,4.367,4.762,4.752,4.807,4.889,4.654,4.883,4.762,4.67,Negative_208,0
3.146,2.478,1.906,2.574,1.239,4.671,2.097,2.86,1.049,2.478,4.862,3.718,0.667,2.002,2.478,5.243,2.86,0.572,1.716,3.146,4.571,4.956,5.055,4.907,4.881,4.762,4.879,4.806,4.695,4.723,Positive_182,1
3.773,3.521,1.635,3.144,0.0,4.15,1.635,4.779,1.006,3.144,3.395,3.018,1.509,1.006,1.886,2.138,2.766,0.377,1.383,4.527,5.055,5.265,4.986,4.745,4.913,5.291,5.016,5.165,5.333,5.44,Positive_78,1
3.07,3.07,3.07,3.629,0.838,4.187,1.396,3.35,0.558,2.791,5.304,2.512,1.954,2.512,1.396,3.07,2.512,0.279,1.116,3.629,5.336,5.559,4.642,4.173,5.233,5.077,5.034,4.879,4.901,4.924,Positive_160,1
6.854,2.475,1.523,2.856,0.191,2.094,1.904,5.331,0.952,3.808,5.141,1.714,1.904,1.333,2.475,3.046,2.475,0.762,1.142,3.237,5.014,5.214,4.917,4.651,4.991,5.209,4.996,4.366,4.735,4.689,Positive_30,1
5.053,1.916,1.045,1.394,2.265,1.742,2.439,5.226,0.523,2.439,6.62,1.045,0.523,2.439,6.272,4.704,2.788,0.348,3.136,4.878,3.976,4.041,4.257,4.288,4.422,4.311,4.427,4.362,4.566,4.555,Negative_224,0
4.585,3.74,1.568,3.62,0.0,2.896,2.172,3.258,1.448,1.689,3.982,1.327,1.206,2.775,2.655,1.448,3.258,0.603,3.017,2.896,5.464,5.221,5.466,5.072,5.368,5.288,4.797,4.821,5.091,5.269,Positive_134,1
5.902,5.723,0.894,1.967,1.073,2.862,1.61,5.187,0.358,0.537,3.219,1.61,0.179,0.894,6.081,4.829,1.61,0.715,0.715,2.504,4.6,5.261,5.152,5.337,5.346,5.213,5.283,5.16,4.905,5.271,Negative_141,0
2.781,4.867,0.927,1.622,2.549,3.709,2.318,3.245,1.159,0.464,4.636,1.391,2.086,1.854,5.794,4.636,1.159,0.927,0.695,4.404,5.199,5.092,4.997,4.198,5.222,5.192,4.733,4.287,5.061,4.795,Positive_156,1
7.181,3.563,0.986,1.754,1.59,3.508,1.754,4.988,1.754,1.042,4.166,1.974,0.384,0.932,9.044,4.714,2.357,0.274,1.206,1.974,4.26,4.395,4.494,4.5,4.455,4.45,4.613,4.425,4.665,4.602,Negative_196,0
6.717,4.958,0.64,2.719,1.12,3.199,0.96,4.958,0.96,0.64,6.557,0.48,0.64,1.759,2.719,2.239,1.919,0.32,0.8,3.039,5.375,5.295,5.165,5.643,5.496,5.6,4.717,5.506,4.938,4.926,Positive_23,1
4.287,2.518,2.11,3.403,1.225,6.26,2.45,2.586,1.701,1.633,3.811,2.79,1.633,1.429,2.381,2.381,3.403,0.613,1.361,4.423,4.684,4.834,4.75,4.713,4.815,4.752,4.574,4.506,4.936,5.038,Positive_184,1
4.526,3.119,0.747,1.801,1.977,3.383,3.032,5.756,1.801,0.747,5.668,1.757,0.483,1.186,6.02,3.647,2.285,1.318,0.483,2.505,4.647,4.903,4.778,4.754,4.903,4.783,4.736,4.658,4.772,4.822,Negative_170,0
4.898,2.01,1.005,2.575,0.44,3.768,4.333,3.517,1.13,1.57,7.096,3.203,1.068,1.005,7.536,7.034,3.077,0.126,0.502,2.575,4.256,4.166,4.081,4.157,4.186,4.18,4.283,4.16,4.169,3.894,Negative_236,0
5.925,3.703,0.247,2.222,0.741,2.222,4.197,3.703,1.234,0.987,5.925,1.234,0.494,2.716,2.469,2.716,2.963,0.494,1.481,4.197,4.78,4.88,4.568,5.149,5.184,5.045,5.119,5.351,5.015,5.037,Positive_178,1
4.774,1.875,1.194,3.069,0.17,4.945,0.853,4.092,0.853,3.581,5.626,4.945,0.682,2.217,1.705,1.023,3.41,0.17,0.17,4.774,5.038,5.319,4.672,4.76,5.015,5.093,4.897,4.704,5.238,5.136,Positive_176,1
